Workbook

Sheet Vic20 BD tiles plan
A1: Unique Sprite | B1: Comments | C1: Characters needed | D1: Plan
A2: Space | B2: Use space character 4 times | C2: 1
A3: Dirt | C3: 4
A4: Wall | B4: Can reuse one mapped tile 4 times | C4: 2 | D4: 2 characters applied 2 times
A5: Steel Wall | B5: Can reuse one mapped tile 4 times | C5: 1 | D5: 1 character applied 4 times
A6: Diamond 1 | C6: 4
A7: Diamond 2 | C7: 4
A8: Diamond 3 | C8: 4
A9: Diamond 4 | C9: 4
A10: Boulder 1 | C10: 4
A11: Boulder 2 | C11: 4
A12: Firefly 1 | C12: 4
A13: Firefly 2 | C13: 4
A14: Firefly 3 | C14: 4
A15: Firefly 4 | C15: 4
A16: Amoeba 1 | C16: 4
A17: Amoeba 2 | C17: 4
... A23: Explosion 4 | C23: 4
A24: Magic Wall 1 | B24: Also used for expanding wall | C24: 2 | D24: 2 characters applied 2 times
A25: Magic Wall 2 | C25: 2 | D25: 2 characters applied 2 times
A26: Magic Wall 3 | C26: 2 | D26: 2 characters applied 2 times
A27: Magic Wall 4 | C27: 2 | D27: 2 characters applied 2 times
A28: Butterfly 1 | C28: 4
A29: Butterfly 2 | C29: 4
A30: Butterfly 3 | C30: 4
A31: Boulder 3 | B31: aka Bubble | C31: 4
A32: Rockford 1 | C32: 4
A33: Rockford 2 (blink 1) | B33: Reuse feet | C33: 2
A34: Rockford 3 (blink 2) | B34: Reuse feet | C34: 2
A35: Rockford 4 (wink 1) | B35: Reuse head in blink 1 (one side), reuse feet | C35: 0
A36: Rockford 5 (wink 2) | B36: Reuse head in blink 2 (one side), reuse feet | C36: 0
A37: Rockford 6 (wait 1) | B37: Reuse head | C37: 2
A38: Rockford 7 (wait 2) | B38: Reuse head | C38: 1
A39: Rockford 8 (wait 3) | B39: Reuse head in blink 1, reuse feet in wait 1 | C39: 0
A40: Rockford 9 (wait 4) | B40: Reuse head in blink 2, reuse feet in wait 2 | C40: 0
A41: Rockford 10 (wait 5) | B41: Reuse head in blink 2, reuse feet in wait 1 | C41: 0
A42: Rockford 11 (left 1) | C42: 4
A43: Rockford 12 (left 2) | B43: Reuse head left | C43: 2
A44: Rockford 13 (left 3) | B44: Reuse head left | C44: 2
A45: Rockford 14 (left 4) | B45: Reuse head left | C45: 1
A46: Rockford 15 (right 1) | C46: 4
A47: Rockford 16 (right 2) | B47: Reuse head right | C47: 2
A48: Rockford 17 (right 3) | B48: Reuse head right | C48: 2
A49: Rockford 18 (right 4) | B49: Reuse head right | C49: 1
A50: Bomb 1 | C50: 4
A51: Bomb 2 | C51: 4
A52: Bomb 3 | C52: 4
A53: Bomb 4 | C53: 4
A54: Anti-space | C54: 1
B56: Available to remap | C56: 256 | D56: =(C56*8)&" bytes" -> 2048 bytes
B57: Sprites (above) | C57: =SUM(C2:C54) -> 150 | D57: =(C57*8)&" bytes" -> 1200 bytes
B58: Font letters, numbers, symbols | C58: =512/8 -> 64 | D58: =(C58*8)&" bytes" -> 512 bytes
B59: Spare | C59: =C56-C57-C58 -> 42 | D59: =(C59*8)&" bytes" -> 336 bytes

Sheet Vic20 tiles
A1: Pathway | AJ1: =";"&PROPER(A1) -> ;Pathway
B2: 0 | C2: 0 | D2: 0 | E2: 0 | F2: 0 | G2: 0 | H2: 0 | I2: 0 | K2: =DEC2BIN(B2,2) -> 00 | L2: =DEC2BIN(C2,2) -> 00 | M2: =DEC2BIN(D2,2) -> 00 | N2: =DEC2BIN(E2,2) -> 00 | O2: =DEC2BIN(F2,2) -> 00 | P2: =DEC2BIN(G2,2) -> 00 | Q2: =DEC2BIN(H2,2) -> 00 | R2: =DEC2BIN(I2,2) -> 00 | T2: =_xlfn.CONCAT(K2:R2) -> 0000000000000000 | V2: =LEFT(T2,8) -> 00000000 | W2: =RIGHT(T2,8) -> 00000000 | X2: =BIN2HEX(V2,2) -> 00 | Y2: =BIN2HEX(W2,2) -> 00 | AA2: {=TRANSPOSE(X2:X9)} -> 00 | AB2: 3F | AC2: 00 | AD2: 00 | AE2: 00 | AF2: FC | AG2: 00 | AH2: 00 | AJ2: =LOWER("!byte $"&AA2&", $"&AB2&", $"&AC2&", $"&AD2&", $"&AE2&", $"&AF2&", $"&AG2&", $"&AH2) -> !byte $00, $3f, $00, $00, $00, $fc, $00, $00
B3: 0 | C3: 3 | D3: 3 | E3: 3 | F3: 0 | G3: 3 | H3: 3 | I3: 0 | K3: =DEC2BIN(B3,2) -> 00 | L3: =DEC2BIN(C3,2) -> 11 | M3: =DEC2BIN(D3,2) -> 11 | N3: =DEC2BIN(E3,2) -> 11 | O3: =DEC2BIN(F3,2) -> 00 | P3: =DEC2BIN(G3,2) -> 11 | Q3: =DEC2BIN(H3,2) -> 11 | R3: =DEC2BIN(I3,2) -> 00 | T3: =_xlfn.CONCAT(K3:R3) -> 0011111100111100 | V3: =LEFT(T3,8) -> 00111111 | W3: =RIGHT(T3,8) -> 00111100 | X3: =BIN2HEX(V3,2) -> 3F | Y3: =BIN2HEX(W3,2) -> 3C | AA3: {=TRANSPOSE(X10:X17)} -> 00 | AB3: 33 | AC3: 00 | AD3: 00 | AE3: 00 | AF3: FC | AG3: 00 | AH3: 00 | AJ3: =LOWER("!byte $"&AA3&", $"&AB3&", $"&AC3&", $"&AD3&", $"&AE3&", $"&AF3&", $"&AG3&", $"&AH3) -> !byte $00, $33, $00, $00, $00, $fc, $00, $00
B4: 0 | C4: 0 | D4: 0 | E4: 0 | F4: 0 | G4: 0 | H4: 0 | I4: 0 | K4: =DEC2BIN(B4,2) -> 00 | L4: =DEC2BIN(C4,2) -> 00 | M4: =DEC2BIN(D4,2) -> 00 | N4: =DEC2BIN(E4,2) -> 00 | O4: =DEC2BIN(F4,2) -> 00 | P4: =DEC2BIN(G4,2) -> 00 | Q4: =DEC2BIN(H4,2) -> 00 | R4: =DEC2BIN(I4,2) -> 00 | T4: =_xlfn.CONCAT(K4:R4) -> 0000000000000000 | V4: =LEFT(T4,8) -> 00000000 | W4: =RIGHT(T4,8) -> 00000000 | X4: =BIN2HEX(V4,2) -> 00 | Y4: =BIN2HEX(W4,2) -> 00 | AA4: {=TRANSPOSE(Y2:Y9)} -> 00 | AB4: 3C | AC4: 00 | AD4: 00 | AE4: 00 | AF4: CC | AG4: 00 | AH4: 00 | AJ4: =LOWER("!byte $"&AA4&", $"&AB4&", $"&AC4&", $"&AD4&", $"&AE4&", $"&AF4&", $"&AG4&", $"&AH4) -> !byte $00, $3c, $00, $00, $00, $cc, $00, $00
B5: 0 | C5: 0 | D5: 0 | E5: 0 | F5: 0 | G5: 0 | H5: 0 | I5: 0 | K5: =DEC2BIN(B5,2) -> 00 | L5: =DEC2BIN(C5,2) -> 00 | M5: =DEC2BIN(D5,2) -> 00 | N5: =DEC2BIN(E5,2) -> 00 | O5: =DEC2BIN(F5,2) -> 00 | P5: =DEC2BIN(G5,2) -> 00 | Q5: =DEC2BIN(H5,2) -> 00 | R5: =DEC2BIN(I5,2) -> 00 | T5: =_xlfn.CONCAT(K5:R5) -> 0000000000000000 | V5: =LEFT(T5,8) -> 00000000 | W5: =RIGHT(T5,8) -> 00000000 | X5: =BIN2HEX(V5,2) -> 00 | Y5: =BIN2HEX(W5,2) -> 00 | AA5: {=TRANSPOSE(Y10:Y17)} -> 00 | AB5: CF | AC5: 00 | AD5: 00 | AE5: 00 | AF5: C3 | AG5: 00 | AH5: 00 | AJ5: =LOWER("!byte $"&AA5&", $"&AB5&", $"&AC5&", $"&AD5&", $"&AE5&", $"&AF5&", $"&AG5&", $"&AH5) -> !byte $00, $cf, $00, $00, $00, $c3, $00, $00
B6: 0 | C6: 0 | D6: 0 | E6: 0 | F6: 0 | G6: 0 | H6: 0 | I6: 0 | K6: =DEC2BIN(B6,2) -> 00 | L6: =DEC2BIN(C6,2) -> 00 | M6: =DEC2BIN(D6,2) -> 00 | N6: =DEC2BIN(E6,2) -> 00 | O6: =DEC2BIN(F6,2) -> 00 | P6: =DEC2BIN(G6,2) -> 00 | Q6: =DEC2BIN(H6,2) -> 00 | R6: =DEC2BIN(I6,2) -> 00 | T6: =_xlfn.CONCAT(K6:R6) -> 0000000000000000 | V6: =LEFT(T6,8) -> 00000000 | W6: =RIGHT(T6,8) -> 00000000 | X6: =BIN2HEX(V6,2) -> 00 | Y6: =BIN2HEX(W6,2) -> 00
B7: 3 | C7: 3 | D7: 3 | E7: 0 | F7: 3 | G7: 0 | H7: 3 | I7: 0 | K7: =DEC2BIN(B7,2) -> 11 | L7: =DEC2BIN(C7,2) -> 11 | M7: =DEC2BIN(D7,2) -> 11 | N7: =DEC2BIN(E7,2) -> 00 | O7: =DEC2BIN(F7,2) -> 11 | P7: =DEC2BIN(G7,2) -> 00 | Q7: =DEC2BIN(H7,2) -> 11 | R7: =DEC2BIN(I7,2) -> 00 | T7: =_xlfn.CONCAT(K7:R7) -> 1111110011001100 | V7: =LEFT(T7,8) -> 11111100 | W7: =RIGHT(T7,8) -> 11001100 | X7: =BIN2HEX(V7,2) -> FC | Y7: =BIN2HEX(W7,2) -> CC
B8: 0 | C8: 0 | D8: 0 | E8: 0 | F8: 0 | G8: 0 | H8: 0 | I8: 0 | K8: =DEC2BIN(B8,2) -> 00 | L8: =DEC2BIN(C8,2) -> 00 | M8: =DEC2BIN(D8,2) -> 00 | N8: =DEC2BIN(E8,2) -> 00 | O8: =DEC2BIN(F8,2) -> 00 | P8: =DEC2BIN(G8,2) -> 00 | Q8: =DEC2BIN(H8,2) -> 00 | R8: =DEC2BIN(I8,2) -> 00 | T8: =_xlfn.CONCAT(K8:R8) -> 0000000000000000 | V8: =LEFT(T8,8) -> 00000000 | W8: =RIGHT(T8,8) -> 00000000 | X8: =BIN2HEX(V8,2) -> 00 | Y8: =BIN2HEX(W8,2) -> 00
B9: 0 | C9: 0 | D9: 0 | E9: 0 | F9: 0 | G9: 0 | H9: 0 | I9: 0 | K9: =DEC2BIN(B9,2) -> 00 | L9: =DEC2BIN(C9,2) -> 00 | M9: =DEC2BIN(D9,2) -> 00 | N9: =DEC2BIN(E9,2) -> 00 | O9: =DEC2BIN(F9,2) -> 00 | P9: =DEC2BIN(G9,2) -> 00 | Q9: =DEC2BIN(H9,2) -> 00 | R9: =DEC2BIN(I9,2) -> 00 | T9: =_xlfn.CONCAT(K9:R9) -> 0000000000000000 | V9: =LEFT(T9,8) -> 00000000 | W9: =RIGHT(T9,8) -> 00000000 | X9: =BIN2HEX(V9,2) -> 00 | Y9: =BIN2HEX(W9,2) -> 00
B10: 0 | C10: 0 | D10: 0 | E10: 0 | F10: 0 | G10: 0 | H10: 0 | I10: 0 | K10: =DEC2BIN(B10,2) -> 00 | L10: =DEC2BIN(C10,2) -> 00 | M10: =DEC2BIN(D10,2) -> 00 | N10: =DEC2BIN(E10,2) -> 00 | O10: =DEC2BIN(F10,2) -> 00 | P10: =DEC2BIN(G10,2) -> 00 | Q10: =DEC2BIN(H10,2) -> 00 | R10: =DEC2BIN(I10,2) -> 00 | T10: =_xlfn.CONCAT(K10:R10) -> 0000000000000000 | V10: =LEFT(T10,8) -> 00000000 | W10: =RIGHT(T10,8) -> 00000000 | X10: =BIN2HEX(V10,2) -> 00 | Y10: =BIN2HEX(W10,2) -> 00
B11: 0 | C11: 3 | D11: 0 | E11: 3 | F11: 3 | G11: 0 | H11: 3 | I11: 3 | K11: =DEC2BIN(B11,2) -> 00 | L11: =DEC2BIN(C11,2) -> 11 | M11: =DEC2BIN(D11,2) -> 00 | N11: =DEC2BIN(E11,2) -> 11 | O11: =DEC2BIN(F11,2) -> 11 | P11: =DEC2BIN(G11,2) -> 00 | Q11: =DEC2BIN(H11,2) -> 11 | R11: =DEC2BIN(I11,2) -> 11 | T11: =_xlfn.CONCAT(K11:R11) -> 0011001111001111 | V11: =LEFT(T11,8) -> 00110011 | W11: =RIGHT(T11,8) -> 11001111 | X11: =BIN2HEX(V11,2) -> 33 | Y11: =BIN2HEX(W11,2) -> CF
B12: 0 | C12: 0 | D12: 0 | E12: 0 | F12: 0 | G12: 0 | H12: 0 | I12: 0 | K12: =DEC2BIN(B12,2) -> 00 | L12: =DEC2BIN(C12,2) -> 00 | M12: =DEC2BIN(D12,2) -> 00 | N12: =DEC2BIN(E12,2) -> 00 | O12: =DEC2BIN(F12,2) -> 00 | P12: =DEC2BIN(G12,2) -> 00 | Q12: =DEC2BIN(H12,2) -> 00 | R12: =DEC2BIN(I12,2) -> 00 | T12: =_xlfn.CONCAT(K12:R12) -> 0000000000000000 | V12: =LEFT(T12,8) -> 00000000 | W12: =RIGHT(T12,8) -> 00000000 | X12: =BIN2HEX(V12,2) -> 00 | Y12: =BIN2HEX(W12,2) -> 00
B13: 0 | C13: 0 | D13: 0 | E13: 0 | F13: 0 | G13: 0 | H13: 0 | I13: 0 | K13: =DEC2BIN(B13,2) -> 00 | L13: =DEC2BIN(C13,2) -> 00 | M13: =DEC2BIN(D13,2) -> 00 | N13: =DEC2BIN(E13,2) -> 00 | O13: =DEC2BIN(F13,2) -> 00 | P13: =DEC2BIN(G13,2) -> 00 | Q13: =DEC2BIN(H13,2) -> 00 | R13: =DEC2BIN(I13,2) -> 00 | T13: =_xlfn.CONCAT(K13:R13) -> 0000000000000000 | V13: =LEFT(T13,8) -> 00000000 | W13: =RIGHT(T13,8) -> 00000000 | X13: =BIN2HEX(V13,2) -> 00 | Y13: =BIN2HEX(W13,2) -> 00
B14: 0 | C14: 0 | D14: 0 | E14: 0 | F14: 0 | G14: 0 | H14: 0 | I14: 0 | K14: =DEC2BIN(B14,2) -> 00 | L14: =DEC2BIN(C14,2) -> 00 | M14: =DEC2BIN(D14,2) -> 00 | N14: =DEC2BIN(E14,2) -> 00 | O14: =DEC2BIN(F14,2) -> 00 | P14: =DEC2BIN(G14,2) -> 00 | Q14: =DEC2BIN(H14,2) -> 00 | R14: =DEC2BIN(I14,2) -> 00 | T14: =_xlfn.CONCAT(K14:R14) -> 0000000000000000 | V14: =LEFT(T14,8) -> 00000000 | W14: =RIGHT(T14,8) -> 00000000 | X14: =BIN2HEX(V14,2) -> 00 | Y14: =BIN2HEX(W14,2) -> 00
B15: 3 | C15: 3 | D15: 3 | E15: 0 | F15: 3 | G15: 0 | H15: 0 | I15: 3 | K15: =DEC2BIN(B15,2) -> 11 | L15: =DEC2BIN(C15,2) -> 11 | M15: =DEC2BIN(D15,2) -> 11 | N15: =DEC2BIN(E15,2) -> 00 | O15: =DEC2BIN(F15,2) -> 11 | P15: =DEC2BIN(G15,2) -> 00 | Q15: =DEC2BIN(H15,2) -> 00 | R15: =DEC2BIN(I15,2) -> 11 | T15: =_xlfn.CONCAT(K15:R15) -> 1111110011000011 | V15: =LEFT(T15,8) -> 11111100 | W15: =RIGHT(T15,8) -> 11000011 | X15: =BIN2HEX(V15,2) -> FC | Y15: =BIN2HEX(W15,2) -> C3
B16: 0 | C16: 0 | D16: 0 | E16: 0 | F16: 0 | G16: 0 | H16: 0 | I16: 0 | K16: =DEC2BIN(B16,2) -> 00 | L16: =DEC2BIN(C16,2) -> 00 | M16: =DEC2BIN(D16,2) -> 00 | N16: =DEC2BIN(E16,2) -> 00 | O16: =DEC2BIN(F16,2) -> 00 | P16: =DEC2BIN(G16,2) -> 00 | Q16: =DEC2BIN(H16,2) -> 00 | R16: =DEC2BIN(I16,2) -> 00 | T16: =_xlfn.CONCAT(K16:R16) -> 0000000000000000 | V16: =LEFT(T16,8) -> 00000000 | W16: =RIGHT(T16,8) -> 00000000 | X16: =BIN2HEX(V16,2) -> 00 | Y16: =BIN2HEX(W16,2) -> 00
B17: 0 | C17: 0 | D17: 0 | E17: 0 | F17: 0 | G17: 0 | H17: 0 | I17: 0 | K17: =DEC2BIN(B17,2) -> 00 | L17: =DEC2BIN(C17,2) -> 00 | M17: =DEC2BIN(D17,2) -> 00 | N17: =DEC2BIN(E17,2) -> 00 | O17: =DEC2BIN(F17,2) -> 00 | P17: =DEC2BIN(G17,2) -> 00 | Q17: =DEC2BIN(H17,2) -> 00 | R17: =DEC2BIN(I17,2) -> 00 | T17: =_xlfn.CONCAT(K17:R17) -> 0000000000000000 | V17: =LEFT(T17,8) -> 00000000 | W17: =RIGHT(T17,8) -> 00000000 | X17: =BIN2HEX(V17,2) -> 00 | Y17: =BIN2HEX(W17,2) -> 00
A18: Earth | AJ18: =";"&PROPER(A18) -> ;Earth
B19: 0 | C19: 0 | D19: 2 | E19: 0 | F19: 0 | G19: 2 | H19: 0 | I19: 2 | K19: =DEC2BIN(B19,2) -> 00 | L19: =DEC2BIN(C19,2) -> 00 | M19: =DEC2BIN(D19,2) -> 10 | N19: =DEC2BIN(E19,2) -> 00 | O19: =DEC2BIN(F19,2) -> 00 | P19: =DEC2BIN(G19,2) -> 10 | Q19: =DEC2BIN(H19,2) -> 00 | R19: =DEC2BIN(I19,2) -> 10 | T19: =_xlfn.CONCAT(K19:R19) -> 0000100000100010 | V19: =LEFT(T19,8) -> 00001000 | W19: =RIGHT(T19,8) -> 00100010 | X19: =BIN2HEX(V19,2) -> 08 | Y19: =BIN2HEX(W19,2) -> 22 | AA19: {=TRANSPOSE(X19:X26)} -> 08 | AB19: A0 | AC19: 2A | AD19: A2 | AE19: 8A | AF19: 28 | AG19: AA | AH19: 8A | AJ19: =LOWER("!byte $"&AA19&", $"&AB19&", $"&AC19&", $"&AD19&", $"&AE19&", $"&AF19&", $"&AG19&", $"&AH19) -> !byte $08, $a0, $2a, $a2, $8a, $28, $aa, $8a
B20: 2 | C20: 2 | D20: 0 | E20: 0 | F20: 2 | G20: 0 | H20: 0 | I20: 2 | K20: =DEC2BIN(B20,2) -> 10 | L20: =DEC2BIN(C20,2) -> 10 | M20: =DEC2BIN(D20,2) -> 00 | N20: =DEC2BIN(E20,2) -> 00 | O20: =DEC2BIN(F20,2) -> 10 | P20: =DEC2BIN(G20,2) -> 00 | Q20: =DEC2BIN(H20,2) -> 00 | R20: =DEC2BIN(I20,2) -> 10 | T20: =_xlfn.CONCAT(K20:R20) -> 1010000010000010 | V20: =LEFT(T20,8) -> 10100000 | W20: =RIGHT(T20,8) -> 10000010 | X20: =BIN2HEX(V20,2) -> A0 | Y20: =BIN2HEX(W20,2) -> 82 | AA20: {=TRANSPOSE(X27:X34)} -> 2A | AB20: A2 | AC20: A8 | AD20: 2A | AE20: 88 | AF20: A0 | AG20: 8A | AH20: 20 | AJ20: =LOWER("!byte $"&AA20&", $"&AB20&", $"&AC20&", $"&AD20&", $"&AE20&", $"&AF20&", $"&AG20&", $"&AH20) -> !byte $2a, $a2, $a8, $2a, $88, $a0, $8a, $20
B21: 0 | C21: 2 | D21: 2 | E21: 2 | F21: 0 | G21: 2 | H21: 2 | I21: 0 | K21: =DEC2BIN(B21,2) -> 00 | L21: =DEC2BIN(C21,2) -> 10 | M21: =DEC2BIN(D21,2) -> 10 | N21: =DEC2BIN(E21,2) -> 10 | O21: =DEC2BIN(F21,2) -> 00 | P21: =DEC2BIN(G21,2) -> 10 | Q21: =DEC2BIN(H21,2) -> 10 | R21: =DEC2BIN(I21,2) -> 00 | T21: =_xlfn.CONCAT(K21:R21) -> 0010101000101000 | V21: =LEFT(T21,8) -> 00101010 | W21: =RIGHT(T21,8) -> 00101000 | X21: =BIN2HEX(V21,2) -> 2A | Y21: =BIN2HEX(W21,2) -> 28 | AA21: {=TRANSPOSE(Y19:Y26)} -> 22 | AB21: 82 | AC21: 28 | AD21: A2 | AE21: 8A | AF21: A8 | AG21: 8A | AH21: A8 | AJ21: =LOWER("!byte $"&AA21&", $"&AB21&", $"&AC21&", $"&AD21&", $"&AE21&", $"&AF21&", $"&AG21&", $"&AH21) -> !byte $22, $82, $28, $a2, $8a, $a8, $8a, $a8
B22: 2 | C22: 2 | D22: 0 | E22: 2 | F22: 2 | G22: 2 | H22: 0 | I22: 2 | K22: =DEC2BIN(B22,2) -> 10 | L22: =DEC2BIN(C22,2) -> 10 | M22: =DEC2BIN(D22,2) -> 00 | N22: =DEC2BIN(E22,2) -> 10 | O22: =DEC2BIN(F22,2) -> 10 | P22: =DEC2BIN(G22,2) -> 10 | Q22: =DEC2BIN(H22,2) -> 00 | R22: =DEC2BIN(I22,2) -> 10 | T22: =_xlfn.CONCAT(K22:R22) -> 1010001010100010 | V22: =LEFT(T22,8) -> 10100010 | W22: =RIGHT(T22,8) -> 10100010 | X22: =BIN2HEX(V22,2) -> A2 | Y22: =BIN2HEX(W22,2) -> A2 | AA22: {=TRANSPOSE(Y27:Y34)} -> AA | AB22: A8 | AC22: A2 | AD22: 2A | AE22: 88 | AF22: A2 | AG22: 20 | AH22: 88 | AJ22: =LOWER("!byte $"&AA22&", $"&AB22&", $"&AC22&", $"&AD22&", $"&AE22&", $"&AF22&", $"&AG22&", $"&AH22) -> !byte $aa, $a8, $a2, $2a, $88, $a2, $20, $88
B23: 2 | C23: 0 | D23: 2 | E23: 2 | F23: 2 | G23: 0 | H23: 2 | I23: 2 | K23: =DEC2BIN(B23,2) -> 10 | L23: =DEC2BIN(C23,2) -> 00 | M23: =DEC2BIN(D23,2) -> 10 | N23: =DEC2BIN(E23,2) -> 10 | O23: =DEC2BIN(F23,2) -> 10 | P23: =DEC2BIN(G23,2) -> 00 | Q23: =DEC2BIN(H23,2) -> 10 | R23: =DEC2BIN(I23,2) -> 10 | T23: =_xlfn.CONCAT(K23:R23) -> 1000101010001010 | V23: =LEFT(T23,8) -> 10001010 | W23: =RIGHT(T23,8) -> 10001010 | X23: =BIN2HEX(V23,2) -> 8A | Y23: =BIN2HEX(W23,2) -> 8A
B24: 0 | C24: 2 | D24: 2 | E24: 0 | F24: 2 | G24: 2 | H24: 2 | I24: 0 | K24: =DEC2BIN(B24,2) -> 00 | L24: =DEC2BIN(C24,2) -> 10 | M24: =DEC2BIN(D24,2) -> 10 | N24: =DEC2BIN(E24,2) -> 00 | O24: =DEC2BIN(F24,2) -> 10 | P24: =DEC2BIN(G24,2) -> 10 | Q24: =DEC2BIN(H24,2) -> 10 | R24: =DEC2BIN(I24,2) -> 00 | T24: =_xlfn.CONCAT(K24:R24) -> 0010100010101000 | V24: =LEFT(T24,8) -> 00101000 | W24: =RIGHT(T24,8) -> 10101000 | X24: =BIN2HEX(V24,2) -> 28 | Y24: =BIN2HEX(W24,2) -> A8
B25: 2 | C25: 2 | D25: 2 | E25: 2 | F25: 2 | G25: 0 | H25: 2 | I25: 2 | K25: =DEC2BIN(B25,2) -> 10 | L25: =DEC2BIN(C25,2) -> 10 | M25: =DEC2BIN(D25,2) -> 10 | N25: =DEC2BIN(E25,2) -> 10 | O25: =DEC2BIN(F25,2) -> 10 | P25: =DEC2BIN(G25,2) -> 00 | Q25: =DEC2BIN(H25,2) -> 10 | R25: =DEC2BIN(I25,2) -> 10 | T25: =_xlfn.CONCAT(K25:R25) -> 1010101010001010 | V25: =LEFT(T25,8) -> 10101010 | W25: =RIGHT(T25,8) -> 10001010 | X25: =BIN2HEX(V25,2) -> AA | Y25: =BIN2HEX(W25,2) -> 8A
B26: 2 | C26: 0 | D26: 2 | E26: 2 | F26: 2 | G26: 2 | H26: 2 | I26: 0 | K26: =DEC2BIN(B26,2) -> 10 | L26: =DEC2BIN(C26,2) -> 00 | M26: =DEC2BIN(D26,2) -> 10 | N26: =DEC2BIN(E26,2) -> 10 | O26: =DEC2BIN(F26,2) -> 10 | P26: =DEC2BIN(G26,2) -> 10 | Q26: =DEC2BIN(H26,2) -> 10 | R26: =DEC2BIN(I26,2) -> 00 | T26: =_xlfn.CONCAT(K26:R26) -> 1000101010101000 | V26: =LEFT(T26,8) -> 10001010 | W26: =RIGHT(T26,8) -> 10101000 | X26: =BIN2HEX(V26,2) -> 8A | Y26: =BIN2HEX(W26,2) -> A8
B27: 0 | C27: 2 | D27: 2 | E27: 2 | F27: 2 | G27: 2 | H27: 2 | I27: 2 | K27: =DEC2BIN(B27,2) -> 00 | L27: =DEC2BIN(C27,2) -> 10 | M27: =DEC2BIN(D27,2) -> 10 | N27: =DEC2BIN(E27,2) -> 10 | O27: =DEC2BIN(F27,2) -> 10 | P27: =DEC2BIN(G27,2) -> 10 | Q27: =DEC2BIN(H27,2) -> 10 | R27: =DEC2BIN(I27,2) -> 10 | T27: =_xlfn.CONCAT(K27:R27) -> 0010101010101010 | V27: =LEFT(T27,8) -> 00101010 | W27: =RIGHT(T27,8) -> 10101010 | X27: =BIN2HEX(V27,2) -> 2A | Y27: =BIN2HEX(W27,2) -> AA
B28: 2 | C28: 2 | D28: 0 | E28: 2 | F28: 2 | G28: 2 | H28: 2 | I28: 0 | K28: =DEC2BIN(B28,2) -> 10 | L28: =DEC2BIN(C28,2) -> 10 | M28: =DEC2BIN(D28,2) -> 00 | N28: =DEC2BIN(E28,2) -> 10 | O28: =DEC2BIN(F28,2) -> 10 | P28: =DEC2BIN(G28,2) -> 10 | Q28: =DEC2BIN(H28,2) -> 10 | R28: =DEC2BIN(I28,2) -> 00 | T28: =_xlfn.CONCAT(K28:R28) -> 1010001010101000 | V28: =LEFT(T28,8) -> 10100010 | W28: =RIGHT(T28,8) -> 10101000 | X28: =BIN2HEX(V28,2) -> A2 | Y28: =BIN2HEX(W28,2) -> A8
B29: 2 | C29: 2 | D29: 2 | E29: 0 | F29: 2 | G29: 2 | H29: 0 | I29: 2 | K29: =DEC2BIN(B29,2) -> 10 | L29: =DEC2BIN(C29,2) -> 10 | M29: =DEC2BIN(D29,2) -> 10 | N29: =DEC2BIN(E29,2) -> 00 | O29: =DEC2BIN(F29,2) -> 10 | P29: =DEC2BIN(G29,2) -> 10 | Q29: =DEC2BIN(H29,2) -> 00 | R29: =DEC2BIN(I29,2) -> 10 | T29: =_xlfn.CONCAT(K29:R29) -> 1010100010100010 | V29: =LEFT(T29,8) -> 10101000 | W29: =RIGHT(T29,8) -> 10100010 | X29: =BIN2HEX(V29,2) -> A8 | Y29: =BIN2HEX(W29,2) -> A2
B30: 0 | C30: 2 | D30: 2 | E30: 2 | F30: 0 | G30: 2 | H30: 2 | I30: 2 | K30: =DEC2BIN(B30,2) -> 00 | L30: =DEC2BIN(C30,2) -> 10 | M30: =DEC2BIN(D30,2) -> 10 | N30: =DEC2BIN(E30,2) -> 10 | O30: =DEC2BIN(F30,2) -> 00 | P30: =DEC2BIN(G30,2) -> 10 | Q30: =DEC2BIN(H30,2) -> 10 | R30: =DEC2BIN(I30,2) -> 10 | T30: =_xlfn.CONCAT(K30:R30) -> 0010101000101010 | V30: =LEFT(T30,8) -> 00101010 | W30: =RIGHT(T30,8) -> 00101010 | X30: =BIN2HEX(V30,2) -> 2A | Y30: =BIN2HEX(W30,2) -> 2A
B31: 2 | C31: 0 | D31: 2 | E31: 0 | F31: 2 | G31: 0 | H31: 2 | I31: 0 | K31: =DEC2BIN(B31,2) -> 10 | L31: =DEC2BIN(C31,2) -> 00 | M31: =DEC2BIN(D31,2) -> 10 | N31: =DEC2BIN(E31,2) -> 00 | O31: =DEC2BIN(F31,2) -> 10 | P31: =DEC2BIN(G31,2) -> 00 | Q31: =DEC2BIN(H31,2) -> 10 | R31: =DEC2BIN(I31,2) -> 00 | T31: =_xlfn.CONCAT(K31:R31) -> 1000100010001000 | V31: =LEFT(T31,8) -> 10001000 | W31: =RIGHT(T31,8) -> 10001000 | X31: =BIN2HEX(V31,2) -> 88 | Y31: =BIN2HEX(W31,2) -> 88
B32: 2 | C32: 2 | D32: 0 | E32: 0 | F32: 2 | G32: 2 | H32: 0 | I32: 2 | K32: =DEC2BIN(B32,2) -> 10 | L32: =DEC2BIN(C32,2) -> 10 | M32: =DEC2BIN(D32,2) -> 00 | N32: =DEC2BIN(E32,2) -> 00 | O32: =DEC2BIN(F32,2) -> 10 | P32: =DEC2BIN(G32,2) -> 10 | Q32: =DEC2BIN(H32,2) -> 00 | R32: =DEC2BIN(I32,2) -> 10 | T32: =_xlfn.CONCAT(K32:R32) -> 1010000010100010 | V32: =LEFT(T32,8) -> 10100000 | W32: =RIGHT(T32,8) -> 10100010 | X32: =BIN2HEX(V32,2) -> A0 | Y32: =BIN2HEX(W32,2) -> A2
B33: 2 | C33: 0 | D33: 2 | E33: 2 | F33: 0 | G33: 2 | H33: 0 | I33: 0 | K33: =DEC2BIN(B33,2) -> 10 | L33: =DEC2BIN(C33,2) -> 00 | M33: =DEC2BIN(D33,2) -> 10 | N33: =DEC2BIN(E33,2) -> 10 | O33: =DEC2BIN(F33,2) -> 00 | P33: =DEC2BIN(G33,2) -> 10 | Q33: =DEC2BIN(H33,2) -> 00 | R33: =DEC2BIN(I33,2) -> 00 | T33: =_xlfn.CONCAT(K33:R33) -> 1000101000100000 | V33: =LEFT(T33,8) -> 10001010 | W33: =RIGHT(T33,8) -> 00100000 | X33: =BIN2HEX(V33,2) -> 8A | Y33: =BIN2HEX(W33,2) -> 20
B34: 0 | C34: 2 | D34: 0 | E34: 0 | F34: 2 | G34: 0 | H34: 2 | I34: 0 | K34: =DEC2BIN(B34,2) -> 00 | L34: =DEC2BIN(C34,2) -> 10 | M34: =DEC2BIN(D34,2) -> 00 | N34: =DEC2BIN(E34,2) -> 00 | O34: =DEC2BIN(F34,2) -> 10 | P34: =DEC2BIN(G34,2) -> 00 | Q34: =DEC2BIN(H34,2) -> 10 | R34: =DEC2BIN(I34,2) -> 00 | T34: =_xlfn.CONCAT(K34:R34) -> 0010000010001000 | V34: =LEFT(T34,8) -> 00100000 | W34: =RIGHT(T34,8) -> 10001000 | X34: =BIN2HEX(V34,2) -> 20 | Y34: =BIN2HEX(W34,2) -> 88
A35: Boulder 1 | AJ35: =";"&PROPER(A35) -> ;Boulder 1
B36: 0 | C36: 0 | D36: 3 | E36: 3 | F36: 3 | G36: 0 | H36: 0 | I36: 0 | K36: =DEC2BIN(B36,2) -> 00 | L36: =DEC2BIN(C36,2) -> 00 | M36: =DEC2BIN(D36,2) -> 11 | N36: =DEC2BIN(E36,2) -> 11 | O36: =DEC2BIN(F36,2) -> 11 | P36: =DEC2BIN(G36,2) -> 00 | Q36: =DEC2BIN(H36,2) -> 00 | R36: =DEC2BIN(I36,2) -> 00 | T36: =_xlfn.CONCAT(K36:R36) -> 0000111111000000 | V36: =LEFT(T36,8) -> 00001111 | W36: =RIGHT(T36,8) -> 11000000 | X36: =BIN2HEX(V36,2) -> 0F | Y36: =BIN2HEX(W36,2) -> C0 | AA36: {=TRANSPOSE(X36:X43)} -> 0F | AB36: 37 | AC36: ED | AD36: 79 | AE36: 56 | AF36: 65 | AG36: 5A | AH36: 55 | AJ36: =LOWER("!byte $"&AA36&", $"&AB36&", $"&AC36&", $"&AD36&", $"&AE36&", $"&AF36&", $"&AG36&", $"&AH36) -> !byte $0f, $37, $ed, $79, $56, $65, $5a, $55
B37: 0 | C37: 3 | D37: 1 | E37: 3 | F37: 2 | G37: 3 | H37: 0 | I37: 0 | K37: =DEC2BIN(B37,2) -> 00 | L37: =DEC2BIN(C37,2) -> 11 | M37: =DEC2BIN(D37,2) -> 01 | N37: =DEC2BIN(E37,2) -> 11 | O37: =DEC2BIN(F37,2) -> 10 | P37: =DEC2BIN(G37,2) -> 11 | Q37: =DEC2BIN(H37,2) -> 00 | R37: =DEC2BIN(I37,2) -> 00 | T37: =_xlfn.CONCAT(K37:R37) -> 0011011110110000 | V37: =LEFT(T37,8) -> 00110111 | W37: =RIGHT(T37,8) -> 10110000 | X37: =BIN2HEX(V37,2) -> 37 | Y37: =BIN2HEX(W37,2) -> B0 | AA37: {=TRANSPOSE(X44:X51)} -> 45 | AB37: 51 | AC37: 45 | AD37: 51 | AE37: 54 | AF37: 15 | AG37: 04 | AH37: 01 | AJ37: =LOWER("!byte $"&AA37&", $"&AB37&", $"&AC37&", $"&AD37&", $"&AE37&", $"&AF37&", $"&AG37&", $"&AH37) -> !byte $45, $51, $45, $51, $54, $15, $04, $01
B38: 3 | C38: 2 | D38: 3 | E38: 1 | F38: 3 | G38: 3 | H38: 3 | I38: 0 | K38: =DEC2BIN(B38,2) -> 11 | L38: =DEC2BIN(C38,2) -> 10 | M38: =DEC2BIN(D38,2) -> 11 | N38: =DEC2BIN(E38,2) -> 01 | O38: =DEC2BIN(F38,2) -> 11 | P38: =DEC2BIN(G38,2) -> 11 | Q38: =DEC2BIN(H38,2) -> 11 | R38: =DEC2BIN(I38,2) -> 00 | T38: =_xlfn.CONCAT(K38:R38) -> 1110110111111100 | V38: =LEFT(T38,8) -> 11101101 | W38: =RIGHT(T38,8) -> 11111100 | X38: =BIN2HEX(V38,2) -> ED | Y38: =BIN2HEX(W38,2) -> FC | AA38: {=TRANSPOSE(Y36:Y43)} -> C0 | AB38: B0 | AC38: FC | AD38: BF | AE38: 7F | AF38: 67 | AG38: 5F | AH38: 67 | AJ38: =LOWER("!byte $"&AA38&", $"&AB38&", $"&AC38&", $"&AD38&", $"&AE38&", $"&AF38&", $"&AG38&", $"&AH38) -> !byte $c0, $b0, $fc, $bf, $7f, $67, $5f, $67
B39: 1 | C39: 3 | D39: 2 | E39: 1 | F39: 2 | G39: 3 | H39: 3 | I39: 3 | K39: =DEC2BIN(B39,2) -> 01 | L39: =DEC2BIN(C39,2) -> 11 | M39: =DEC2BIN(D39,2) -> 10 | N39: =DEC2BIN(E39,2) -> 01 | O39: =DEC2BIN(F39,2) -> 10 | P39: =DEC2BIN(G39,2) -> 11 | Q39: =DEC2BIN(H39,2) -> 11 | R39: =DEC2BIN(I39,2) -> 11 | T39: =_xlfn.CONCAT(K39:R39) -> 0111100110111111 | V39: =LEFT(T39,8) -> 01111001 | W39: =RIGHT(T39,8) -> 10111111 | X39: =BIN2HEX(V39,2) -> 79 | Y39: =BIN2HEX(W39,2) -> BF | AA39: {=TRANSPOSE(Y44:Y51)} -> 56 | AB39: 66 | AC39: 55 | AD39: 55 | AE39: 54 | AF39: 54 | AG39: 90 | AH39: 40 | AJ39: =LOWER("!byte $"&AA39&", $"&AB39&", $"&AC39&", $"&AD39&", $"&AE39&", $"&AF39&", $"&AG39&", $"&AH39) -> !byte $56, $66, $55, $55, $54, $54, $90, $40
B40: 1 | C40: 1 | D40: 1 | E40: 2 | F40: 1 | G40: 3 | H40: 3 | I40: 3 | K40: =DEC2BIN(B40,2) -> 01 | L40: =DEC2BIN(C40,2) -> 01 | M40: =DEC2BIN(D40,2) -> 01 | N40: =DEC2BIN(E40,2) -> 10 | O40: =DEC2BIN(F40,2) -> 01 | P40: =DEC2BIN(G40,2) -> 11 | Q40: =DEC2BIN(H40,2) -> 11 | R40: =DEC2BIN(I40,2) -> 11 | T40: =_xlfn.CONCAT(K40:R40) -> 0101011001111111 | V40: =LEFT(T40,8) -> 01010110 | W40: =RIGHT(T40,8) -> 01111111 | X40: =BIN2HEX(V40,2) -> 56 | Y40: =BIN2HEX(W40,2) -> 7F
B41: 1 | C41: 2 | D41: 1 | E41: 1 | F41: 1 | G41: 2 | H41: 1 | I41: 3 | K41: =DEC2BIN(B41,2) -> 01 | L41: =DEC2BIN(C41,2) -> 10 | M41: =DEC2BIN(D41,2) -> 01 | N41: =DEC2BIN(E41,2) -> 01 | O41: =DEC2BIN(F41,2) -> 01 | P41: =DEC2BIN(G41,2) -> 10 | Q41: =DEC2BIN(H41,2) -> 01 | R41: =DEC2BIN(I41,2) -> 11 | T41: =_xlfn.CONCAT(K41:R41) -> 0110010101100111 | V41: =LEFT(T41,8) -> 01100101 | W41: =RIGHT(T41,8) -> 01100111 | X41: =BIN2HEX(V41,2) -> 65 | Y41: =BIN2HEX(W41,2) -> 67
B42: 1 | C42: 1 | D42: 2 | E42: 2 | F42: 1 | G42: 1 | H42: 3 | I42: 3 | K42: =DEC2BIN(B42,2) -> 01 | L42: =DEC2BIN(C42,2) -> 01 | M42: =DEC2BIN(D42,2) -> 10 | N42: =DEC2BIN(E42,2) -> 10 | O42: =DEC2BIN(F42,2) -> 01 | P42: =DEC2BIN(G42,2) -> 01 | Q42: =DEC2BIN(H42,2) -> 11 | R42: =DEC2BIN(I42,2) -> 11 | T42: =_xlfn.CONCAT(K42:R42) -> 0101101001011111 | V42: =LEFT(T42,8) -> 01011010 | W42: =RIGHT(T42,8) -> 01011111 | X42: =BIN2HEX(V42,2) -> 5A | Y42: =BIN2HEX(W42,2) -> 5F
B43: 1 | C43: 1 | D43: 1 | E43: 1 | F43: 1 | G43: 2 | H43: 1 | I43: 3 | K43: =DEC2BIN(B43,2) -> 01 | L43: =DEC2BIN(C43,2) -> 01 | M43: =DEC2BIN(D43,2) -> 01 | N43: =DEC2BIN(E43,2) -> 01 | O43: =DEC2BIN(F43,2) -> 01 | P43: =DEC2BIN(G43,2) -> 10 | Q43: =DEC2BIN(H43,2) -> 01 | R43: =DEC2BIN(I43,2) -> 11 | T43: =_xlfn.CONCAT(K43:R43) -> 0101010101100111 | V43: =LEFT(T43,8) -> 01010101 | W43: =RIGHT(T43,8) -> 01100111 | X43: =BIN2HEX(V43,2) -> 55 | Y43: =BIN2HEX(W43,2) -> 67
B44: 1 | C44: 0 | D44: 1 | E44: 1 | F44: 1 | G44: 1 | H44: 1 | I44: 2 | K44: =DEC2BIN(B44,2) -> 01 | L44: =DEC2BIN(C44,2) -> 00 | M44: =DEC2BIN(D44,2) -> 01 | N44: =DEC2BIN(E44,2) -> 01 | O44: =DEC2BIN(F44,2) -> 01 | P44: =DEC2BIN(G44,2) -> 01 | Q44: =DEC2BIN(H44,2) -> 01 | R44: =DEC2BIN(I44,2) -> 10 | T44: =_xlfn.CONCAT(K44:R44) -> 0100010101010110 | V44: =LEFT(T44,8) -> 01000101 | W44: =RIGHT(T44,8) -> 01010110 | X44: =BIN2HEX(V44,2) -> 45 | Y44: =BIN2HEX(W44,2) -> 56
B45: 1 | C45: 1 | D45: 0 | E45: 1 | F45: 1 | G45: 2 | H45: 1 | I45: 2 | K45: =DEC2BIN(B45,2) -> 01 | L45: =DEC2BIN(C45,2) -> 01 | M45: =DEC2BIN(D45,2) -> 00 | N45: =DEC2BIN(E45,2) -> 01 | O45: =DEC2BIN(F45,2) -> 01 | P45: =DEC2BIN(G45,2) -> 10 | Q45: =DEC2BIN(H45,2) -> 01 | R45: =DEC2BIN(I45,2) -> 10 | T45: =_xlfn.CONCAT(K45:R45) -> 0101000101100110 | V45: =LEFT(T45,8) -> 01010001 | W45: =RIGHT(T45,8) -> 01100110 | X45: =BIN2HEX(V45,2) -> 51 | Y45: =BIN2HEX(W45,2) -> 66
B46: 1 | C46: 0 | D46: 1 | E46: 1 | F46: 1 | G46: 1 | H46: 1 | I46: 1 | K46: =DEC2BIN(B46,2) -> 01 | L46: =DEC2BIN(C46,2) -> 00 | M46: =DEC2BIN(D46,2) -> 01 | N46: =DEC2BIN(E46,2) -> 01 | O46: =DEC2BIN(F46,2) -> 01 | P46: =DEC2BIN(G46,2) -> 01 | Q46: =DEC2BIN(H46,2) -> 01 | R46: =DEC2BIN(I46,2) -> 01 | T46: =_xlfn.CONCAT(K46:R46) -> 0100010101010101 | V46: =LEFT(T46,8) -> 01000101 | W46: =RIGHT(T46,8) -> 01010101 | X46: =BIN2HEX(V46,2) -> 45 | Y46: =BIN2HEX(W46,2) -> 55
B47: 1 | C47: 1 | D47: 0 | E47: 1 | F47: 1 | G47: 1 | H47: 1 | I47: 1 | K47: =DEC2BIN(B47,2) -> 01 | L47: =DEC2BIN(C47,2) -> 01 | M47: =DEC2BIN(D47,2) -> 00 | N47: =DEC2BIN(E47,2) -> 01 | O47: =DEC2BIN(F47,2) -> 01 | P47: =DEC2BIN(G47,2) -> 01 | Q47: =DEC2BIN(H47,2) -> 01 | R47: =DEC2BIN(I47,2) -> 01 | T47: =_xlfn.CONCAT(K47:R47) -> 0101000101010101 | V47: =LEFT(T47,8) -> 01010001 | W47: =RIGHT(T47,8) -> 01010101 | X47: =BIN2HEX(V47,2) -> 51 | Y47: =BIN2HEX(W47,2) -> 55
B48: 1 | C48: 1 | D48: 1 | E48: 0 | F48: 1 | G48: 1 | H48: 1 | I48: 0 | K48: =DEC2BIN(B48,2) -> 01 | L48: =DEC2BIN(C48,2) -> 01 | M48: =DEC2BIN(D48,2) -> 01 | N48: =DEC2BIN(E48,2) -> 00 | O48: =DEC2BIN(F48,2) -> 01 | P48: =DEC2BIN(G48,2) -> 01 | Q48: =DEC2BIN(H48,2) -> 01 | R48: =DEC2BIN(I48,2) -> 00 | T48: =_xlfn.CONCAT(K48:R48) -> 0101010001010100 | V48: =LEFT(T48,8) -> 01010100 | W48: =RIGHT(T48,8) -> 01010100 | X48: =BIN2HEX(V48,2) -> 54 | Y48: =BIN2HEX(W48,2) -> 54
B49: 0 | C49: 1 | D49: 1 | E49: 1 | F49: 1 | G49: 1 | H49: 1 | I49: 0 | K49: =DEC2BIN(B49,2) -> 00 | L49: =DEC2BIN(C49,2) -> 01 | M49: =DEC2BIN(D49,2) -> 01 | N49: =DEC2BIN(E49,2) -> 01 | O49: =DEC2BIN(F49,2) -> 01 | P49: =DEC2BIN(G49,2) -> 01 | Q49: =DEC2BIN(H49,2) -> 01 | R49: =DEC2BIN(I49,2) -> 00 | T49: =_xlfn.CONCAT(K49:R49) -> 0001010101010100 | V49: =LEFT(T49,8) -> 00010101 | W49: =RIGHT(T49,8) -> 01010100 | X49: =BIN2HEX(V49,2) -> 15 | Y49: =BIN2HEX(W49,2) -> 54
B50: 0 | C50: 0 | D50: 1 | E50: 0 | F50: 2 | G50: 1 | H50: 0 | I50: 0 | K50: =DEC2BIN(B50,2) -> 00 | L50: =DEC2BIN(C50,2) -> 00 | M50: =DEC2BIN(D50,2) -> 01 | N50: =DEC2BIN(E50,2) -> 00 | O50: =DEC2BIN(F50,2) -> 10 | P50: =DEC2BIN(G50,2) -> 01 | Q50: =DEC2BIN(H50,2) -> 00 | R50: =DEC2BIN(I50,2) -> 00 | T50: =_xlfn.CONCAT(K50:R50) -> 0000010010010000 | V50: =LEFT(T50,8) -> 00000100 | W50: =RIGHT(T50,8) -> 10010000 | X50: =BIN2HEX(V50,2) -> 04 | Y50: =BIN2HEX(W50,2) -> 90
B51: 0 | C51: 0 | D51: 0 | E51: 1 | F51: 1 | G51: 0 | H51: 0 | I51: 0 | K51: =DEC2BIN(B51,2) -> 00 | L51: =DEC2BIN(C51,2) -> 00 | M51: =DEC2BIN(D51,2) -> 00 | N51: =DEC2BIN(E51,2) -> 01 | O51: =DEC2BIN(F51,2) -> 01 | P51: =DEC2BIN(G51,2) -> 00 | Q51: =DEC2BIN(H51,2) -> 00 | R51: =DEC2BIN(I51,2) -> 00 | T51: =_xlfn.CONCAT(K51:R51) -> 0000000101000000 | V51: =LEFT(T51,8) -> 00000001 | W51: =RIGHT(T51,8) -> 01000000 | X51: =BIN2HEX(V51,2) -> 01 | Y51: =BIN2HEX(W51,2) -> 40
A52: Boulder 2 | AJ52: =";"&PROPER(A52) -> ;Boulder 2
B53: 0 | C53: 0 | D53: 0 | E53: 3 | F53: 3 | G53: 0 | H53: 0 | I53: 0 | K53: =DEC2BIN(B53,2) -> 00 | L53: =DEC2BIN(C53,2) -> 00 | M53: =DEC2BIN(D53,2) -> 00 | N53: =DEC2BIN(E53,2) -> 11 | O53: =DEC2BIN(F53,2) -> 11 | P53: =DEC2BIN(G53,2) -> 00 | Q53: =DEC2BIN(H53,2) -> 00 | R53: =DEC2BIN(I53,2) -> 00 | T53: =_xlfn.CONCAT(K53:R53) -> 0000001111000000 | V53: =LEFT(T53,8) -> 00000011 | W53: =RIGHT(T53,8) -> 11000000 | X53: =BIN2HEX(V53,2) -> 03 | Y53: =BIN2HEX(W53,2) -> C0 | AA53: {=TRANSPOSE(X53:X60)} -> 03 | AB53: 0E | AC53: 31 | AD53: 32 | AE53: C0 | AF53: C0 | AG53: 01 | AH53: C8 | AJ53: =LOWER("!byte $"&AA53&", $"&AB53&", $"&AC53&", $"&AD53&", $"&AE53&", $"&AF53&", $"&AG53&", $"&AH53) -> !byte $03, $0e, $31, $32, $c0, $c0, $01, $c8
B54: 0 | C54: 0 | D54: 3 | E54: 2 | F54: 1 | G54: 3 | H54: 0 | I54: 0 | K54: =DEC2BIN(B54,2) -> 00 | L54: =DEC2BIN(C54,2) -> 00 | M54: =DEC2BIN(D54,2) -> 11 | N54: =DEC2BIN(E54,2) -> 10 | O54: =DEC2BIN(F54,2) -> 01 | P54: =DEC2BIN(G54,2) -> 11 | Q54: =DEC2BIN(H54,2) -> 00 | R54: =DEC2BIN(I54,2) -> 00 | T54: =_xlfn.CONCAT(K54:R54) -> 0000111001110000 | V54: =LEFT(T54,8) -> 00001110 | W54: =RIGHT(T54,8) -> 01110000 | X54: =BIN2HEX(V54,2) -> 0E | Y54: =BIN2HEX(W54,2) -> 70 | AA54: {=TRANSPOSE(X61:X68)} -> C1 | AB54: 11 | AC54: C5 | AD54: D1 | AE54: D8 | AF54: 1A | AG54: 34 | AH54: 0F | AJ54: =LOWER("!byte $"&AA54&", $"&AB54&", $"&AC54&", $"&AD54&", $"&AE54&", $"&AF54&", $"&AG54&", $"&AH54) -> !byte $c1, $11, $c5, $d1, $d8, $1a, $34, $0f
B55: 0 | C55: 3 | D55: 0 | E55: 1 | F55: 2 | G55: 0 | H55: 3 | I55: 0 | K55: =DEC2BIN(B55,2) -> 00 | L55: =DEC2BIN(C55,2) -> 11 | M55: =DEC2BIN(D55,2) -> 00 | N55: =DEC2BIN(E55,2) -> 01 | O55: =DEC2BIN(F55,2) -> 10 | P55: =DEC2BIN(G55,2) -> 00 | Q55: =DEC2BIN(H55,2) -> 11 | R55: =DEC2BIN(I55,2) -> 00 | T55: =_xlfn.CONCAT(K55:R55) -> 0011000110001100 | V55: =LEFT(T55,8) -> 00110001 | W55: =RIGHT(T55,8) -> 10001100 | X55: =BIN2HEX(V55,2) -> 31 | Y55: =BIN2HEX(W55,2) -> 8C | AA55: {=TRANSPOSE(Y53:Y60)} -> C0 | AB55: 70 | AC55: 8C | AD55: 0C | AE55: 03 | AF55: 03 | AG55: 83 | AH55: 60 | AJ55: =LOWER("!byte $"&AA55&", $"&AB55&", $"&AC55&", $"&AD55&", $"&AE55&", $"&AF55&", $"&AG55&", $"&AH55) -> !byte $c0, $70, $8c, $0c, $03, $03, $83, $60
B56: 0 | C56: 3 | D56: 0 | E56: 2 | F56: 0 | G56: 0 | H56: 3 | I56: 0 | K56: =DEC2BIN(B56,2) -> 00 | L56: =DEC2BIN(C56,2) -> 11 | M56: =DEC2BIN(D56,2) -> 00 | N56: =DEC2BIN(E56,2) -> 10 | O56: =DEC2BIN(F56,2) -> 00 | P56: =DEC2BIN(G56,2) -> 00 | Q56: =DEC2BIN(H56,2) -> 11 | R56: =DEC2BIN(I56,2) -> 00 | T56: =_xlfn.CONCAT(K56:R56) -> 0011001000001100 | V56: =LEFT(T56,8) -> 00110010 | W56: =RIGHT(T56,8) -> 00001100 | X56: =BIN2HEX(V56,2) -> 32 | Y56: =BIN2HEX(W56,2) -> 0C | AA56: {=TRANSPOSE(Y61:Y68)} -> 03 | AB56: 17 | AC56: 57 | AD56: 57 | AE56: 54 | AF56: 5C | AG56: 70 | AH56: C0 | AJ56: =LOWER("!byte $"&AA56&", $"&AB56&", $"&AC56&", $"&AD56&", $"&AE56&", $"&AF56&", $"&AG56&", $"&AH56) -> !byte $03, $17, $57, $57, $54, $5c, $70, $c0
B57: 3 | C57: 0 | D57: 0 | E57: 0 | F57: 0 | G57: 0 | H57: 0 | I57: 3 | K57: =DEC2BIN(B57,2) -> 11 | L57: =DEC2BIN(C57,2) -> 00 | M57: =DEC2BIN(D57,2) -> 00 | N57: =DEC2BIN(E57,2) -> 00 | O57: =DEC2BIN(F57,2) -> 00 | P57: =DEC2BIN(G57,2) -> 00 | Q57: =DEC2BIN(H57,2) -> 00 | R57: =DEC2BIN(I57,2) -> 11 | T57: =_xlfn.CONCAT(K57:R57) -> 1100000000000011 | V57: =LEFT(T57,8) -> 11000000 | W57: =RIGHT(T57,8) -> 00000011 | X57: =BIN2HEX(V57,2) -> C0 | Y57: =BIN2HEX(W57,2) -> 03
B58: 3 | C58: 0 | D58: 0 | E58: 0 | F58: 0 | G58: 0 | H58: 0 | I58: 3 | K58: =DEC2BIN(B58,2) -> 11 | L58: =DEC2BIN(C58,2) -> 00 | M58: =DEC2BIN(D58,2) -> 00 | N58: =DEC2BIN(E58,2) -> 00 | O58: =DEC2BIN(F58,2) -> 00 | P58: =DEC2BIN(G58,2) -> 00 | Q58: =DEC2BIN(H58,2) -> 00 | R58: =DEC2BIN(I58,2) -> 11 | T58: =_xlfn.CONCAT(K58:R58) -> 1100000000000011 | V58: =LEFT(T58,8) -> 11000000 | W58: =RIGHT(T58,8) -> 00000011 | X58: =BIN2HEX(V58,2) -> C0 | Y58: =BIN2HEX(W58,2) -> 03
B59: 0 | C59: 0 | D59: 0 | E59: 1 | F59: 2 | G59: 0 | H59: 0 | I59: 3 | K59: =DEC2BIN(B59,2) -> 00 | L59: =DEC2BIN(C59,2) -> 00 | M59: =DEC2BIN(D59,2) -> 00 | N59: =DEC2BIN(E59,2) -> 01 | O59: =DEC2BIN(F59,2) -> 10 | P59: =DEC2BIN(G59,2) -> 00 | Q59: =DEC2BIN(H59,2) -> 00 | R59: =DEC2BIN(I59,2) -> 11 | T59: =_xlfn.CONCAT(K59:R59) -> 0000000110000011 | V59: =LEFT(T59,8) -> 00000001 | W59: =RIGHT(T59,8) -> 10000011 | X59: =BIN2HEX(V59,2) -> 01 | Y59: =BIN2HEX(W59,2) -> 83
B60: 3 | C60: 0 | D60: 2 | E60: 0 | F60: 1 | G60: 2 | H60: 0 | I60: 0 | K60: =DEC2BIN(B60,2) -> 11 | L60: =DEC2BIN(C60,2) -> 00 | M60: =DEC2BIN(D60,2) -> 10 | N60: =DEC2BIN(E60,2) -> 00 | O60: =DEC2BIN(F60,2) -> 01 | P60: =DEC2BIN(G60,2) -> 10 | Q60: =DEC2BIN(H60,2) -> 00 | R60: =DEC2BIN(I60,2) -> 00 | T60: =_xlfn.CONCAT(K60:R60) -> 1100100001100000 | V60: =LEFT(T60,8) -> 11001000 | W60: =RIGHT(T60,8) -> 01100000 | X60: =BIN2HEX(V60,2) -> C8 | Y60: =BIN2HEX(W60,2) -> 60
B61: 3 | C61: 0 | D61: 0 | E61: 1 | F61: 0 | G61: 0 | H61: 0 | I61: 3 | K61: =DEC2BIN(B61,2) -> 11 | L61: =DEC2BIN(C61,2) -> 00 | M61: =DEC2BIN(D61,2) -> 00 | N61: =DEC2BIN(E61,2) -> 01 | O61: =DEC2BIN(F61,2) -> 00 | P61: =DEC2BIN(G61,2) -> 00 | Q61: =DEC2BIN(H61,2) -> 00 | R61: =DEC2BIN(I61,2) -> 11 | T61: =_xlfn.CONCAT(K61:R61) -> 1100000100000011 | V61: =LEFT(T61,8) -> 11000001 | W61: =RIGHT(T61,8) -> 00000011 | X61: =BIN2HEX(V61,2) -> C1 | Y61: =BIN2HEX(W61,2) -> 03
B62: 0 | C62: 1 | D62: 0 | E62: 1 | F62: 0 | G62: 1 | H62: 1 | I62: 3 | K62: =DEC2BIN(B62,2) -> 00 | L62: =DEC2BIN(C62,2) -> 01 | M62: =DEC2BIN(D62,2) -> 00 | N62: =DEC2BIN(E62,2) -> 01 | O62: =DEC2BIN(F62,2) -> 00 | P62: =DEC2BIN(G62,2) -> 01 | Q62: =DEC2BIN(H62,2) -> 01 | R62: =DEC2BIN(I62,2) -> 11 | T62: =_xlfn.CONCAT(K62:R62) -> 0001000100010111 | V62: =LEFT(T62,8) -> 00010001 | W62: =RIGHT(T62,8) -> 00010111 | X62: =BIN2HEX(V62,2) -> 11 | Y62: =BIN2HEX(W62,2) -> 17
B63: 3 | C63: 0 | D63: 1 | E63: 1 | F63: 1 | G63: 1 | H63: 1 | I63: 3 | K63: =DEC2BIN(B63,2) -> 11 | L63: =DEC2BIN(C63,2) -> 00 | M63: =DEC2BIN(D63,2) -> 01 | N63: =DEC2BIN(E63,2) -> 01 | O63: =DEC2BIN(F63,2) -> 01 | P63: =DEC2BIN(G63,2) -> 01 | Q63: =DEC2BIN(H63,2) -> 01 | R63: =DEC2BIN(I63,2) -> 11 | T63: =_xlfn.CONCAT(K63:R63) -> 1100010101010111 | V63: =LEFT(T63,8) -> 11000101 | W63: =RIGHT(T63,8) -> 01010111 | X63: =BIN2HEX(V63,2) -> C5 | Y63: =BIN2HEX(W63,2) -> 57
B64: 3 | C64: 1 | D64: 0 | E64: 1 | F64: 1 | G64: 1 | H64: 1 | I64: 3 | K64: =DEC2BIN(B64,2) -> 11 | L64: =DEC2BIN(C64,2) -> 01 | M64: =DEC2BIN(D64,2) -> 00 | N64: =DEC2BIN(E64,2) -> 01 | O64: =DEC2BIN(F64,2) -> 01 | P64: =DEC2BIN(G64,2) -> 01 | Q64: =DEC2BIN(H64,2) -> 01 | R64: =DEC2BIN(I64,2) -> 11 | T64: =_xlfn.CONCAT(K64:R64) -> 1101000101010111 | V64: =LEFT(T64,8) -> 11010001 | W64: =RIGHT(T64,8) -> 01010111 | X64: =BIN2HEX(V64,2) -> D1 | Y64: =BIN2HEX(W64,2) -> 57
B65: 3 | C65: 1 | D65: 2 | E65: 0 | F65: 1 | G65: 1 | H65: 1 | I65: 0 | K65: =DEC2BIN(B65,2) -> 11 | L65: =DEC2BIN(C65,2) -> 01 | M65: =DEC2BIN(D65,2) -> 10 | N65: =DEC2BIN(E65,2) -> 00 | O65: =DEC2BIN(F65,2) -> 01 | P65: =DEC2BIN(G65,2) -> 01 | Q65: =DEC2BIN(H65,2) -> 01 | R65: =DEC2BIN(I65,2) -> 00 | T65: =_xlfn.CONCAT(K65:R65) -> 1101100001010100 | V65: =LEFT(T65,8) -> 11011000 | W65: =RIGHT(T65,8) -> 01010100 | X65: =BIN2HEX(V65,2) -> D8 | Y65: =BIN2HEX(W65,2) -> 54
B66: 0 | C66: 1 | D66: 2 | E66: 2 | F66: 1 | G66: 1 | H66: 3 | I66: 0 | K66: =DEC2BIN(B66,2) -> 00 | L66: =DEC2BIN(C66,2) -> 01 | M66: =DEC2BIN(D66,2) -> 10 | N66: =DEC2BIN(E66,2) -> 10 | O66: =DEC2BIN(F66,2) -> 01 | P66: =DEC2BIN(G66,2) -> 01 | Q66: =DEC2BIN(H66,2) -> 11 | R66: =DEC2BIN(I66,2) -> 00 | T66: =_xlfn.CONCAT(K66:R66) -> 0001101001011100 | V66: =LEFT(T66,8) -> 00011010 | W66: =RIGHT(T66,8) -> 01011100 | X66: =BIN2HEX(V66,2) -> 1A | Y66: =BIN2HEX(W66,2) -> 5C
B67: 0 | C67: 3 | D67: 1 | E67: 0 | F67: 1 | G67: 3 | H67: 0 | I67: 0 | K67: =DEC2BIN(B67,2) -> 00 | L67: =DEC2BIN(C67,2) -> 11 | M67: =DEC2BIN(D67,2) -> 01 | N67: =DEC2BIN(E67,2) -> 00 | O67: =DEC2BIN(F67,2) -> 01 | P67: =DEC2BIN(G67,2) -> 11 | Q67: =DEC2BIN(H67,2) -> 00 | R67: =DEC2BIN(I67,2) -> 00 | T67: =_xlfn.CONCAT(K67:R67) -> 0011010001110000 | V67: =LEFT(T67,8) -> 00110100 | W67: =RIGHT(T67,8) -> 01110000 | X67: =BIN2HEX(V67,2) -> 34 | Y67: =BIN2HEX(W67,2) -> 70
B68: 0 | C68: 0 | D68: 3 | E68: 3 | F68: 3 | G68: 0 | H68: 0 | I68: 0 | K68: =DEC2BIN(B68,2) -> 00 | L68: =DEC2BIN(C68,2) -> 00 | M68: =DEC2BIN(D68,2) -> 11 | N68: =DEC2BIN(E68,2) -> 11 | O68: =DEC2BIN(F68,2) -> 11 | P68: =DEC2BIN(G68,2) -> 00 | Q68: =DEC2BIN(H68,2) -> 00 | R68: =DEC2BIN(I68,2) -> 00 | T68: =_xlfn.CONCAT(K68:R68) -> 0000111111000000 | V68: =LEFT(T68,8) -> 00001111 | W68: =RIGHT(T68,8) -> 11000000 | X68: =BIN2HEX(V68,2) -> 0F | Y68: =BIN2HEX(W68,2) -> C0
A69: Bubble | T69: =_xlfn.CONCAT(K69:R69) | AJ69: =";"&PROPER(A69) -> ;Bubble
B70: 0 | C70: 0 | D70: 0 | E70: 3 | F70: 3 | G70: 0 | H70: 0 | I70: 0 | K70: =DEC2BIN(B70,2) -> 00 | L70: =DEC2BIN(C70,2) -> 00 | M70: =DEC2BIN(D70,2) -> 00 | N70: =DEC2BIN(E70,2) -> 11 | O70: =DEC2BIN(F70,2) -> 11 | P70: =DEC2BIN(G70,2) -> 00 | Q70: =DEC2BIN(H70,2) -> 00 | R70: =DEC2BIN(I70,2) -> 00 | T70: =_xlfn.CONCAT(K70:R70) -> 0000001111000000 | V70: =LEFT(T70,8) -> 00000011 | W70: =RIGHT(T70,8) -> 11000000 | X70: =BIN2HEX(V70,2) -> 03 | Y70: =BIN2HEX(W70,2) -> C0 | AA70: {=TRANSPOSE(X70:X77)} -> 03 | AB70: 0D | AC70: 30 | AD70: 30 | AE70: C0 | AF70: C0 | AG70: 00 | AH70: C0 | AJ70: =LOWER("!byte $"&AA70&", $"&AB70&", $"&AC70&", $"&AD70&", $"&AE70&", $"&AF70&", $"&AG70&", $"&AH70) -> !byte $03, $0d, $30, $30, $c0, $c0, $00, $c0
B71: 0 | C71: 0 | D71: 3 | E71: 1 | F71: 0 | G71: 3 | H71: 0 | I71: 0 | K71: =DEC2BIN(B71,2) -> 00 | L71: =DEC2BIN(C71,2) -> 00 | M71: =DEC2BIN(D71,2) -> 11 | N71: =DEC2BIN(E71,2) -> 01 | O71: =DEC2BIN(F71,2) -> 00 | P71: =DEC2BIN(G71,2) -> 11 | Q71: =DEC2BIN(H71,2) -> 00 | R71: =DEC2BIN(I71,2) -> 00 | T71: =_xlfn.CONCAT(K71:R71) -> 0000110100110000 | V71: =LEFT(T71,8) -> 00001101 | W71: =RIGHT(T71,8) -> 00110000 | X71: =BIN2HEX(V71,2) -> 0D | Y71: =BIN2HEX(W71,2) -> 30 | AA71: {=TRANSPOSE(X78:X85)} -> C0 | AB71: 00 | AC71: C0 | AD71: C0 | AE71: 34 | AF71: 32 | AG71: 0D | AH71: 03 | AJ71: =LOWER("!byte $"&AA71&", $"&AB71&", $"&AC71&", $"&AD71&", $"&AE71&", $"&AF71&", $"&AG71&", $"&AH71) -> !byte $c0, $00, $c0, $c0, $34, $32, $0d, $03
B72: 0 | C72: 3 | D72: 0 | E72: 0 | F72: 1 | G72: 0 | H72: 3 | I72: 0 | K72: =DEC2BIN(B72,2) -> 00 | L72: =DEC2BIN(C72,2) -> 11 | M72: =DEC2BIN(D72,2) -> 00 | N72: =DEC2BIN(E72,2) -> 00 | O72: =DEC2BIN(F72,2) -> 01 | P72: =DEC2BIN(G72,2) -> 00 | Q72: =DEC2BIN(H72,2) -> 11 | R72: =DEC2BIN(I72,2) -> 00 | T72: =_xlfn.CONCAT(K72:R72) -> 0011000001001100 | V72: =LEFT(T72,8) -> 00110000 | W72: =RIGHT(T72,8) -> 01001100 | X72: =BIN2HEX(V72,2) -> 30 | Y72: =BIN2HEX(W72,2) -> 4C | AA72: {=TRANSPOSE(Y70:Y77)} -> C0 | AB72: 30 | AC72: 4C | AD72: 0C | AE72: 03 | AF72: 03 | AG72: 03 | AH72: 00 | AJ72: =LOWER("!byte $"&AA72&", $"&AB72&", $"&AC72&", $"&AD72&", $"&AE72&", $"&AF72&", $"&AG72&", $"&AH72) -> !byte $c0, $30, $4c, $0c, $03, $03, $03, $00
B73: 0 | C73: 3 | D73: 0 | E73: 0 | F73: 0 | G73: 0 | H73: 3 | I73: 0 | K73: =DEC2BIN(B73,2) -> 00 | L73: =DEC2BIN(C73,2) -> 11 | M73: =DEC2BIN(D73,2) -> 00 | N73: =DEC2BIN(E73,2) -> 00 | O73: =DEC2BIN(F73,2) -> 00 | P73: =DEC2BIN(G73,2) -> 00 | Q73: =DEC2BIN(H73,2) -> 11 | R73: =DEC2BIN(I73,2) -> 00 | T73: =_xlfn.CONCAT(K73:R73) -> 0011000000001100 | V73: =LEFT(T73,8) -> 00110000 | W73: =RIGHT(T73,8) -> 00001100 | X73: =BIN2HEX(V73,2) -> 30 | Y73: =BIN2HEX(W73,2) -> 0C | AA73: {=TRANSPOSE(Y78:Y85)} -> 03 | AB73: 13 | AC73: 03 | AD73: 43 | AE73: 0C | AF73: 1C | AG73: B0 | AH73: C0 | AJ73: =LOWER("!byte $"&AA73&", $"&AB73&", $"&AC73&", $"&AD73&", $"&AE73&", $"&AF73&", $"&AG73&", $"&AH73) -> !byte $03, $13, $03, $43, $0c, $1c, $b0, $c0
B74: 3 | C74: 0 | D74: 0 | E74: 0 | F74: 0 | G74: 0 | H74: 0 | I74: 3 | K74: =DEC2BIN(B74,2) -> 11 | L74: =DEC2BIN(C74,2) -> 00 | M74: =DEC2BIN(D74,2) -> 00 | N74: =DEC2BIN(E74,2) -> 00 | O74: =DEC2BIN(F74,2) -> 00 | P74: =DEC2BIN(G74,2) -> 00 | Q74: =DEC2BIN(H74,2) -> 00 | R74: =DEC2BIN(I74,2) -> 11 | T74: =_xlfn.CONCAT(K74:R74) -> 1100000000000011 | V74: =LEFT(T74,8) -> 11000000 | W74: =RIGHT(T74,8) -> 00000011 | X74: =BIN2HEX(V74,2) -> C0 | Y74: =BIN2HEX(W74,2) -> 03
B75: 3 | C75: 0 | D75: 0 | E75: 0 | F75: 0 | G75: 0 | H75: 0 | I75: 3 | K75: =DEC2BIN(B75,2) -> 11 | L75: =DEC2BIN(C75,2) -> 00 | M75: =DEC2BIN(D75,2) -> 00 | N75: =DEC2BIN(E75,2) -> 00 | O75: =DEC2BIN(F75,2) -> 00 | P75: =DEC2BIN(G75,2) -> 00 | Q75: =DEC2BIN(H75,2) -> 00 | R75: =DEC2BIN(I75,2) -> 11 | T75: =_xlfn.CONCAT(K75:R75) -> 1100000000000011 | V75: =LEFT(T75,8) -> 11000000 | W75: =RIGHT(T75,8) -> 00000011 | X75: =BIN2HEX(V75,2) -> C0 | Y75: =BIN2HEX(W75,2) -> 03
B76: 0 | C76: 0 | D76: 0 | E76: 0 | F76: 0 | G76: 0 | H76: 0 | I76: 3 | K76: =DEC2BIN(B76,2) -> 00 | L76: =DEC2BIN(C76,2) -> 00 | M76: =DEC2BIN(D76,2) -> 00 | N76: =DEC2BIN(E76,2) -> 00 | O76: =DEC2BIN(F76,2) -> 00 | P76: =DEC2BIN(G76,2) -> 00 | Q76: =DEC2BIN(H76,2) -> 00 | R76: =DEC2BIN(I76,2) -> 11 | T76: =_xlfn.CONCAT(K76:R76) -> 0000000000000011 | V76: =LEFT(T76,8) -> 00000000 | W76: =RIGHT(T76,8) -> 00000011 | X76: =BIN2HEX(V76,2) -> 00 | Y76: =BIN2HEX(W76,2) -> 03
B77: 3 | C77: 0 | D77: 0 | E77: 0 | F77: 0 | G77: 0 | H77: 0 | I77: 0 | K77: =DEC2BIN(B77,2) -> 11 | L77: =DEC2BIN(C77,2) -> 00 | M77: =DEC2BIN(D77,2) -> 00 | N77: =DEC2BIN(E77,2) -> 00 | O77: =DEC2BIN(F77,2) -> 00 | P77: =DEC2BIN(G77,2) -> 00 | Q77: =DEC2BIN(H77,2) -> 00 | R77: =DEC2BIN(I77,2) -> 00 | T77: =_xlfn.CONCAT(K77:R77) -> 1100000000000000 | V77: =LEFT(T77,8) -> 11000000 | W77: =RIGHT(T77,8) -> 00000000 | X77: =BIN2HEX(V77,2) -> C0 | Y77: =BIN2HEX(W77,2) -> 00
B78: 3 | C78: 0 | D78: 0 | E78: 0 | F78: 0 | G78: 0 | H78: 0 | I78: 3 | K78: =DEC2BIN(B78,2) -> 11 | L78: =DEC2BIN(C78,2) -> 00 | M78: =DEC2BIN(D78,2) -> 00 | N78: =DEC2BIN(E78,2) -> 00 | O78: =DEC2BIN(F78,2) -> 00 | P78: =DEC2BIN(G78,2) -> 00 | Q78: =DEC2BIN(H78,2) -> 00 | R78: =DEC2BIN(I78,2) -> 11 | T78: =_xlfn.CONCAT(K78:R78) -> 1100000000000011 | V78: =LEFT(T78,8) -> 11000000 | W78: =RIGHT(T78,8) -> 00000011 | X78: =BIN2HEX(V78,2) -> C0 | Y78: =BIN2HEX(W78,2) -> 03
B79: 0 | C79: 0 | D79: 0 | E79: 0 | F79: 0 | G79: 1 | H79: 0 | I79: 3 | K79: =DEC2BIN(B79,2) -> 00 | L79: =DEC2BIN(C79,2) -> 00 | M79: =DEC2BIN(D79,2) -> 00 | N79: =DEC2BIN(E79,2) -> 00 | O79: =DEC2BIN(F79,2) -> 00 | P79: =DEC2BIN(G79,2) -> 01 | Q79: =DEC2BIN(H79,2) -> 00 | R79: =DEC2BIN(I79,2) -> 11 | T79: =_xlfn.CONCAT(K79:R79) -> 0000000000010011 | V79: =LEFT(T79,8) -> 00000000 | W79: =RIGHT(T79,8) -> 00010011 | X79: =BIN2HEX(V79,2) -> 00 | Y79: =BIN2HEX(W79,2) -> 13
B80: 3 | C80: 0 | D80: 0 | E80: 0 | F80: 0 | G80: 0 | H80: 0 | I80: 3 | K80: =DEC2BIN(B80,2) -> 11 | L80: =DEC2BIN(C80,2) -> 00 | M80: =DEC2BIN(D80,2) -> 00 | N80: =DEC2BIN(E80,2) -> 00 | O80: =DEC2BIN(F80,2) -> 00 | P80: =DEC2BIN(G80,2) -> 00 | Q80: =DEC2BIN(H80,2) -> 00 | R80: =DEC2BIN(I80,2) -> 11 | T80: =_xlfn.CONCAT(K80:R80) -> 1100000000000011 | V80: =LEFT(T80,8) -> 11000000 | W80: =RIGHT(T80,8) -> 00000011 | X80: =BIN2HEX(V80,2) -> C0 | Y80: =BIN2HEX(W80,2) -> 03
B81: 3 | C81: 0 | D81: 0 | E81: 0 | F81: 1 | G81: 0 | H81: 0 | I81: 3 | K81: =DEC2BIN(B81,2) -> 11 | L81: =DEC2BIN(C81,2) -> 00 | M81: =DEC2BIN(D81,2) -> 00 | N81: =DEC2BIN(E81,2) -> 00 | O81: =DEC2BIN(F81,2) -> 01 | P81: =DEC2BIN(G81,2) -> 00 | Q81: =DEC2BIN(H81,2) -> 00 | R81: =DEC2BIN(I81,2) -> 11 | T81: =_xlfn.CONCAT(K81:R81) -> 1100000001000011 | V81: =LEFT(T81,8) -> 11000000 | W81: =RIGHT(T81,8) -> 01000011 | X81: =BIN2HEX(V81,2) -> C0 | Y81: =BIN2HEX(W81,2) -> 43
B82: 0 | C82: 3 | D82: 1 | E82: 0 | F82: 0 | G82: 0 | H82: 3 | I82: 0 | K82: =DEC2BIN(B82,2) -> 00 | L82: =DEC2BIN(C82,2) -> 11 | M82: =DEC2BIN(D82,2) -> 01 | N82: =DEC2BIN(E82,2) -> 00 | O82: =DEC2BIN(F82,2) -> 00 | P82: =DEC2BIN(G82,2) -> 00 | Q82: =DEC2BIN(H82,2) -> 11 | R82: =DEC2BIN(I82,2) -> 00 | T82: =_xlfn.CONCAT(K82:R82) -> 0011010000001100 | V82: =LEFT(T82,8) -> 00110100 | W82: =RIGHT(T82,8) -> 00001100 | X82: =BIN2HEX(V82,2) -> 34 | Y82: =BIN2HEX(W82,2) -> 0C
B83: 0 | C83: 3 | D83: 0 | E83: 2 | F83: 0 | G83: 1 | H83: 3 | I83: 0 | K83: =DEC2BIN(B83,2) -> 00 | L83: =DEC2BIN(C83,2) -> 11 | M83: =DEC2BIN(D83,2) -> 00 | N83: =DEC2BIN(E83,2) -> 10 | O83: =DEC2BIN(F83,2) -> 00 | P83: =DEC2BIN(G83,2) -> 01 | Q83: =DEC2BIN(H83,2) -> 11 | R83: =DEC2BIN(I83,2) -> 00 | T83: =_xlfn.CONCAT(K83:R83) -> 0011001000011100 | V83: =LEFT(T83,8) -> 00110010 | W83: =RIGHT(T83,8) -> 00011100 | X83: =BIN2HEX(V83,2) -> 32 | Y83: =BIN2HEX(W83,2) -> 1C
B84: 0 | C84: 0 | D84: 3 | E84: 1 | F84: 2 | G84: 3 | H84: 0 | I84: 0 | K84: =DEC2BIN(B84,2) -> 00 | L84: =DEC2BIN(C84,2) -> 00 | M84: =DEC2BIN(D84,2) -> 11 | N84: =DEC2BIN(E84,2) -> 01 | O84: =DEC2BIN(F84,2) -> 10 | P84: =DEC2BIN(G84,2) -> 11 | Q84: =DEC2BIN(H84,2) -> 00 | R84: =DEC2BIN(I84,2) -> 00 | T84: =_xlfn.CONCAT(K84:R84) -> 0000110110110000 | V84: =LEFT(T84,8) -> 00001101 | W84: =RIGHT(T84,8) -> 10110000 | X84: =BIN2HEX(V84,2) -> 0D | Y84: =BIN2HEX(W84,2) -> B0
B85: 0 | C85: 0 | D85: 0 | E85: 3 | F85: 3 | G85: 0 | H85: 0 | I85: 0 | K85: =DEC2BIN(B85,2) -> 00 | L85: =DEC2BIN(C85,2) -> 00 | M85: =DEC2BIN(D85,2) -> 00 | N85: =DEC2BIN(E85,2) -> 11 | O85: =DEC2BIN(F85,2) -> 11 | P85: =DEC2BIN(G85,2) -> 00 | Q85: =DEC2BIN(H85,2) -> 00 | R85: =DEC2BIN(I85,2) -> 00 | T85: =_xlfn.CONCAT(K85:R85) -> 0000001111000000 | V85: =LEFT(T85,8) -> 00000011 | W85: =RIGHT(T85,8) -> 11000000 | X85: =BIN2HEX(V85,2) -> 03 | Y85: =BIN2HEX(W85,2) -> C0
A86: Wall | AJ86: =";"&PROPER(A86) -> ;Wall
B87: 0 | C87: 3 | D87: 3 | E87: 3 | F87: 0 | G87: 3 | H87: 3 | I87: 3 | K87: =DEC2BIN(B87,2) -> 00 | L87: =DEC2BIN(C87,2) -> 11 | M87: =DEC2BIN(D87,2) -> 11 | N87: =DEC2BIN(E87,2) -> 11 | O87: =DEC2BIN(F87,2) -> 00 | P87: =DEC2BIN(G87,2) -> 11 | Q87: =DEC2BIN(H87,2) -> 11 | R87: =DEC2BIN(I87,2) -> 11 | T87: =_xlfn.CONCAT(K87:R87) -> 0011111100111111 | V87: =LEFT(T87,8) -> 00111111 | W87: =RIGHT(T87,8) -> 00111111 | X87: =BIN2HEX(V87,2) -> 3F | Y87: =BIN2HEX(W87,2) -> 3F | AA87: {=TRANSPOSE(X87:X94)} -> 3F | AB87: 1F | AC87: 15 | AD87: 00 | AE87: F3 | AF87: F1 | AG87: 51 | AH87: 00 | AJ87: =LOWER("!byte $"&AA87&", $"&AB87&", $"&AC87&", $"&AD87&", $"&AE87&", $"&AF87&", $"&AG87&", $"&AH87) -> !byte $3f, $1f, $15, $00, $f3, $f1, $51, $00
B88: 0 | C88: 1 | D88: 3 | E88: 3 | F88: 0 | G88: 1 | H88: 3 | I88: 3 | K88: =DEC2BIN(B88,2) -> 00 | L88: =DEC2BIN(C88,2) -> 01 | M88: =DEC2BIN(D88,2) -> 11 | N88: =DEC2BIN(E88,2) -> 11 | O88: =DEC2BIN(F88,2) -> 00 | P88: =DEC2BIN(G88,2) -> 01 | Q88: =DEC2BIN(H88,2) -> 11 | R88: =DEC2BIN(I88,2) -> 11 | T88: =_xlfn.CONCAT(K88:R88) -> 0001111100011111 | V88: =LEFT(T88,8) -> 00011111 | W88: =RIGHT(T88,8) -> 00011111 | X88: =BIN2HEX(V88,2) -> 1F | Y88: =BIN2HEX(W88,2) -> 1F | AA88: {=TRANSPOSE(X95:X102)} -> 3F | AB88: 1F | AC88: 15 | AD88: 00 | AE88: F3 | AF88: F1 | AG88: 51 | AH88: 00 | AJ88: =LOWER("!byte $"&AA88&", $"&AB88&", $"&AC88&", $"&AD88&", $"&AE88&", $"&AF88&", $"&AG88&", $"&AH88) -> !byte $3f, $1f, $15, $00, $f3, $f1, $51, $00
B89: 0 | C89: 1 | D89: 1 | E89: 1 | F89: 0 | G89: 1 | H89: 1 | I89: 1 | K89: =DEC2BIN(B89,2) -> 00 | L89: =DEC2BIN(C89,2) -> 01 | M89: =DEC2BIN(D89,2) -> 01 | N89: =DEC2BIN(E89,2) -> 01 | O89: =DEC2BIN(F89,2) -> 00 | P89: =DEC2BIN(G89,2) -> 01 | Q89: =DEC2BIN(H89,2) -> 01 | R89: =DEC2BIN(I89,2) -> 01 | T89: =_xlfn.CONCAT(K89:R89) -> 0001010100010101 | V89: =LEFT(T89,8) -> 00010101 | W89: =RIGHT(T89,8) -> 00010101 | X89: =BIN2HEX(V89,2) -> 15 | Y89: =BIN2HEX(W89,2) -> 15 | AA89: {=TRANSPOSE(Y87:Y94)} -> 3F | AB89: 1F | AC89: 15 | AD89: 00 | AE89: F3 | AF89: F1 | AG89: 51 | AH89: 00 | AJ89: =LOWER("!byte $"&AA89&", $"&AB89&", $"&AC89&", $"&AD89&", $"&AE89&", $"&AF89&", $"&AG89&", $"&AH89) -> !byte $3f, $1f, $15, $00, $f3, $f1, $51, $00
B90: 0 | C90: 0 | D90: 0 | E90: 0 | F90: 0 | G90: 0 | H90: 0 | I90: 0 | K90: =DEC2BIN(B90,2) -> 00 | L90: =DEC2BIN(C90,2) -> 00 | M90: =DEC2BIN(D90,2) -> 00 | N90: =DEC2BIN(E90,2) -> 00 | O90: =DEC2BIN(F90,2) -> 00 | P90: =DEC2BIN(G90,2) -> 00 | Q90: =DEC2BIN(H90,2) -> 00 | R90: =DEC2BIN(I90,2) -> 00 | T90: =_xlfn.CONCAT(K90:R90) -> 0000000000000000 | V90: =LEFT(T90,8) -> 00000000 | W90: =RIGHT(T90,8) -> 00000000 | X90: =BIN2HEX(V90,2) -> 00 | Y90: =BIN2HEX(W90,2) -> 00 | AA90: {=TRANSPOSE(Y95:Y102)} -> 3F | AB90: 1F | AC90: 15 | AD90: 00 | AE90: F3 | AF90: F1 | AG90: 51 | AH90: 00 | AJ90: =LOWER("!byte $"&AA90&", $"&AB90&", $"&AC90&", $"&AD90&", $"&AE90&", $"&AF90&", $"&AG90&", $"&AH90) -> !byte $3f, $1f, $15, $00, $f3, $f1, $51, $00
B91: 3 | C91: 3 | D91: 0 | E91: 3 | F91: 3 | G91: 3 | H91: 0 | I91: 3 | K91: =DEC2BIN(B91,2) -> 11 | L91: =DEC2BIN(C91,2) -> 11 | M91: =DEC2BIN(D91,2) -> 00 | N91: =DEC2BIN(E91,2) -> 11 | O91: =DEC2BIN(F91,2) -> 11 | P91: =DEC2BIN(G91,2) -> 11 | Q91: =DEC2BIN(H91,2) -> 00 | R91: =DEC2BIN(I91,2) -> 11 | T91: =_xlfn.CONCAT(K91:R91) -> 1111001111110011 | V91: =LEFT(T91,8) -> 11110011 | W91: =RIGHT(T91,8) -> 11110011 | X91: =BIN2HEX(V91,2) -> F3 | Y91: =BIN2HEX(W91,2) -> F3
B92: 3 | C92: 3 | D92: 0 | E92: 1 | F92: 3 | G92: 3 | H92: 0 | I92: 1 | K92: =DEC2BIN(B92,2) -> 11 | L92: =DEC2BIN(C92,2) -> 11 | M92: =DEC2BIN(D92,2) -> 00 | N92: =DEC2BIN(E92,2) -> 01 | O92: =DEC2BIN(F92,2) -> 11 | P92: =DEC2BIN(G92,2) -> 11 | Q92: =DEC2BIN(H92,2) -> 00 | R92: =DEC2BIN(I92,2) -> 01 | T92: =_xlfn.CONCAT(K92:R92) -> 1111000111110001 | V92: =LEFT(T92,8) -> 11110001 | W92: =RIGHT(T92,8) -> 11110001 | X92: =BIN2HEX(V92,2) -> F1 | Y92: =BIN2HEX(W92,2) -> F1
B93: 1 | C93: 1 | D93: 0 | E93: 1 | F93: 1 | G93: 1 | H93: 0 | I93: 1 | K93: =DEC2BIN(B93,2) -> 01 | L93: =DEC2BIN(C93,2) -> 01 | M93: =DEC2BIN(D93,2) -> 00 | N93: =DEC2BIN(E93,2) -> 01 | O93: =DEC2BIN(F93,2) -> 01 | P93: =DEC2BIN(G93,2) -> 01 | Q93: =DEC2BIN(H93,2) -> 00 | R93: =DEC2BIN(I93,2) -> 01 | T93: =_xlfn.CONCAT(K93:R93) -> 0101000101010001 | V93: =LEFT(T93,8) -> 01010001 | W93: =RIGHT(T93,8) -> 01010001 | X93: =BIN2HEX(V93,2) -> 51 | Y93: =BIN2HEX(W93,2) -> 51
B94: 0 | C94: 0 | D94: 0 | E94: 0 | F94: 0 | G94: 0 | H94: 0 | I94: 0 | K94: =DEC2BIN(B94,2) -> 00 | L94: =DEC2BIN(C94,2) -> 00 | M94: =DEC2BIN(D94,2) -> 00 | N94: =DEC2BIN(E94,2) -> 00 | O94: =DEC2BIN(F94,2) -> 00 | P94: =DEC2BIN(G94,2) -> 00 | Q94: =DEC2BIN(H94,2) -> 00 | R94: =DEC2BIN(I94,2) -> 00 | T94: =_xlfn.CONCAT(K94:R94) -> 0000000000000000 | V94: =LEFT(T94,8) -> 00000000 | W94: =RIGHT(T94,8) -> 00000000 | X94: =BIN2HEX(V94,2) -> 00 | Y94: =BIN2HEX(W94,2) -> 00
B95: 0 | C95: 3 | D95: 3 | E95: 3 | F95: 0 | G95: 3 | H95: 3 | I95: 3 | K95: =DEC2BIN(B95,2) -> 00 | L95: =DEC2BIN(C95,2) -> 11 | M95: =DEC2BIN(D95,2) -> 11 | N95: =DEC2BIN(E95,2) -> 11 | O95: =DEC2BIN(F95,2) -> 00 | P95: =DEC2BIN(G95,2) -> 11 | Q95: =DEC2BIN(H95,2) -> 11 | R95: =DEC2BIN(I95,2) -> 11 | T95: =_xlfn.CONCAT(K95:R95) -> 0011111100111111 | V95: =LEFT(T95,8) -> 00111111 | W95: =RIGHT(T95,8) -> 00111111 | X95: =BIN2HEX(V95,2) -> 3F | Y95: =BIN2HEX(W95,2) -> 3F
B96: 0 | C96: 1 | D96: 3 | E96: 3 | F96: 0 | G96: 1 | H96: 3 | I96: 3 | K96: =DEC2BIN(B96,2) -> 00 | L96: =DEC2BIN(C96,2) -> 01 | M96: =DEC2BIN(D96,2) -> 11 | N96: =DEC2BIN(E96,2) -> 11 | O96: =DEC2BIN(F96,2) -> 00 | P96: =DEC2BIN(G96,2) -> 01 | Q96: =DEC2BIN(H96,2) -> 11 | R96: =DEC2BIN(I96,2) -> 11 | T96: =_xlfn.CONCAT(K96:R96) -> 0001111100011111 | V96: =LEFT(T96,8) -> 00011111 | W96: =RIGHT(T96,8) -> 00011111 | X96: =BIN2HEX(V96,2) -> 1F | Y96: =BIN2HEX(W96,2) -> 1F
B97: 0 | C97: 1 | D97: 1 | E97: 1 | F97: 0 | G97: 1 | H97: 1 | I97: 1 | K97: =DEC2BIN(B97,2) -> 00 | L97: =DEC2BIN(C97,2) -> 01 | M97: =DEC2BIN(D97,2) -> 01 | N97: =DEC2BIN(E97,2) -> 01 | O97: =DEC2BIN(F97,2) -> 00 | P97: =DEC2BIN(G97,2) -> 01 | Q97: =DEC2BIN(H97,2) -> 01 | R97: =DEC2BIN(I97,2) -> 01 | T97: =_xlfn.CONCAT(K97:R97) -> 0001010100010101 | V97: =LEFT(T97,8) -> 00010101 | W97: =RIGHT(T97,8) -> 00010101 | X97: =BIN2HEX(V97,2) -> 15 | Y97: =BIN2HEX(W97,2) -> 15
B98: 0 | C98: 0 | D98: 0 | E98: 0 | F98: 0 | G98: 0 | H98: 0 | I98: 0 | K98: =DEC2BIN(B98,2) -> 00 | L98: =DEC2BIN(C98,2) -> 00 | M98: =DEC2BIN(D98,2) -> 00 | N98: =DEC2BIN(E98,2) -> 00 | O98: =DEC2BIN(F98,2) -> 00 | P98: =DEC2BIN(G98,2) -> 00 | Q98: =DEC2BIN(H98,2) -> 00 | R98: =DEC2BIN(I98,2) -> 00 | T98: =_xlfn.CONCAT(K98:R98) -> 0000000000000000 | V98: =LEFT(T98,8) -> 00000000 | W98: =RIGHT(T98,8) -> 00000000 | X98: =BIN2HEX(V98,2) -> 00 | Y98: =BIN2HEX(W98,2) -> 00
B99: 3 | C99: 3 | D99: 0 | E99: 3 | F99: 3 | G99: 3 | H99: 0 | I99: 3 | K99: =DEC2BIN(B99,2) -> 11 | L99: =DEC2BIN(C99,2) -> 11 | M99: =DEC2BIN(D99,2) -> 00 | N99: =DEC2BIN(E99,2) -> 11 | O99: =DEC2BIN(F99,2) -> 11 | P99: =DEC2BIN(G99,2) -> 11 | Q99: =DEC2BIN(H99,2) -> 00 | R99: =DEC2BIN(I99,2) -> 11 | T99: =_xlfn.CONCAT(K99:R99) -> 1111001111110011 | V99: =LEFT(T99,8) -> 11110011 | W99: =RIGHT(T99,8) -> 11110011 | X99: =BIN2HEX(V99,2) -> F3 | Y99: =BIN2HEX(W99,2) -> F3
B100: 3 | C100: 3 | D100: 0 | E100: 1 | F100: 3 | G100: 3 | H100: 0 | I100: 1 | K100: =DEC2BIN(B100,2) -> 11 | L100: =DEC2BIN(C100,2) -> 11 | M100: =DEC2BIN(D100,2) -> 00 | N100: =DEC2BIN(E100,2) -> 01 | O100: =DEC2BIN(F100,2) -> 11 | P100: =DEC2BIN(G100,2) -> 11 | Q100: =DEC2BIN(H100,2) -> 00 | R100: =DEC2BIN(I100,2) -> 01 | T100: =_xlfn.CONCAT(K100:R100) -> 1111000111110001 | V100: =LEFT(T100,8) -> 11110001 | W100: =RIGHT(T100,8) -> 11110001 | X100: =BIN2HEX(V100,2) -> F1 | Y100: =BIN2HEX(W100,2) -> F1
...

Sheet Vic colour ref
A1: Sprite colour code | B1: Source | C1: Source address | D1: Bits | E1: Purpose | F1: Colours available | H1: Colour code | I1: Colour
A2: 0 | B2: Background | C2: 36879 | D2: 00 | E2: Black. Always black in this case (and no black is used elsewhere) | F2: First 8 (when having black background, otherwise 16) | H2: 0 | I2: black
A3: 1 | B3: Border | C3: 36879 | D3: 01 | E3: Group 1 for most of titanium walls, rocks, amoeba; part of rockford, diamonds | F3: First 8 | H3: 1 | I3: white
A4: 2 | B4: Foreground | C4: Colour Map | D4: 10 | E4: Group 2 earth | F4: First 8 | H4: 2 | I4: red
A5: 3 | B5: Aux | C5: 36878 | D5: 11 | E5: Group 3 most of walls, rockford; part of rocks, diamonds | F5: All 16 | H5: 3 | I5: cyan
H6: 4 | I6: purple
H7: 5 | I7: green
H8: 6 | I8: blue
H9: 7 | I9: yellow
H10: 8 | I10: orange
H11: 9 | I11: lt.orange
H12: 10 | I12: pink
H13: 11 | I13: lt.cyan
H14: 12 | I14: lt.purple
H15: 13 | I15: lt.green
H16: 14 | I16: lt.blue
H17: 15 | I17: lt.yellow

Sheet Cave colours
A1: Group 1 for most of titanium walls, rocks, amoeba; part of rockford, diamonds | B1: Group 2 earth | C1: Group 3 most of walls, rockford; part of rocks, diamonds
A2: G1 | B2: G2 | C2: G3 | D2: c1 | E2: c2 | F2: c3 | G2: config json colour_schemes | H2: colour group | I2: order
A3: cyan | B3: green | C3: white | D3: =_xlfn.XLOOKUP(A3,'Vic colour ref'!I:I,'Vic colour ref'!H:H,"") -> 3 | E3: =_xlfn.XLOOKUP(B3,'Vic colour ref'!I:I,'Vic colour ref'!H:H,"") -> 5 | F3: =_xlfn.XLOOKUP(C3,'Vic colour ref'!I:I,'Vic colour ref'!H:H,"") -> 1 | G3: =""""&I3&""": {""code"": ["&D3&","&E3&","&F3&"], ""colours"": ["""&A3&""","""&B3&""","""&C3&"""]}," -> "1": {"code": [3,5,1], "colours": ["cyan","green","white"]}, | H3: =PROPER(A3)&" "&PROPER(B3)&" "&PROPER(C3) -> Cyan Green White | I3: 1
A4: red | B4: blue | C4: lt.purple | D4: =_xlfn.XLOOKUP(A4,'Vic colour ref'!I:I,'Vic colour ref'!H:H,"") -> 2 | E4: =_xlfn.XLOOKUP(B4,'Vic colour ref'!I:I,'Vic colour ref'!H:H,"") -> 6 | F4: =_xlfn.XLOOKUP(C4,'Vic colour ref'!I:I,'Vic colour ref'!H:H,"") -> 12 | G4: =""""&I4&""": {""code"": ["&D4&","&E4&","&F4&"], ""colours"": ["""&A4&""","""&B4&""","""&C4&"""]}," -> "2": {"code": [2,6,12], "colours": ["red","blue","lt.purple"]}, | H4: =PROPER(A4)&" "&PROPER(B4)&" "&PROPER(C4) -> Red Blue Lt.Purple | I4: 2
A5: purple | B5: cyan | C5: white | D5: =_xlfn.XLOOKUP(A5,'Vic colour ref'!I:I,'Vic colour ref'!H:H,"") -> 4 | E5: =_xlfn.XLOOKUP(B5,'Vic colour ref'!I:I,'Vic colour ref'!H:H,"") -> 3 | F5: =_xlfn.XLOOKUP(C5,'Vic colour ref'!I:I,'Vic colour ref'!H:H,"") -> 1 | G5: =""""&I5&""": {""code"": ["&D5&","&E5&","&F5&"], ""colours"": ["""&A5&""","""&B5&""","""&C5&"""]}," -> "3": {"code": [4,3,1], "colours": ["purple","cyan","white"]}, | H5: =PROPER(A5)&" "&PROPER(B5)&" "&PROPER(C5) -> Purple Cyan White | I5: 3
A6: cyan | B6: green | C6: pink | D6: =_xlfn.XLOOKUP(A6,'Vic colour ref'!I:I,'Vic colour ref'!H:H,"") -> 3 | E6: =_xlfn.XLOOKUP(B6,'Vic colour ref'!I:I,'Vic colour ref'!H:H,"") -> 5 | F6: =_xlfn.XLOOKUP(C6,'Vic colour ref'!I:I,'Vic colour ref'!H:H,"") -> 10 | G6: =""""&I6&""": {""code"": ["&D6&","&E6&","&F6&"], ""colours"": ["""&A6&""","""&B6&""","""&C6&"""]}," -> "4": {"code": [3,5,10], "colours": ["cyan","green","pink"]}, | H6: =PROPER(A6)&" "&PROPER(B6)&" "&PROPER(C6) -> Cyan Green Pink | I6: 4
A7: purple | B7: blue | C7: white | D7: =_xlfn.XLOOKUP(A7,'Vic colour ref'!I:I,'Vic colour ref'!H:H,"") -> 4 | E7: =_xlfn.XLOOKUP(B7,'Vic colour ref'!I:I,'Vic colour ref'!H:H,"") -> 6 | F7: =_xlfn.XLOOKUP(C7,'Vic colour ref'!I:I,'Vic colour ref'!H:H,"") -> 1 | G7: =""""&I7&""": {""code"": ["&D7&","&E7&","&F7&"], ""colours"": ["""&A7&""","""&B7&""","""&C7&"""]}," -> "5": {"code": [4,6,1], "colours": ["purple","blue","white"]}, | H7: =PROPER(A7)&" "&PROPER(B7)&" "&PROPER(C7) -> Purple Blue White | I7: 5
A8: cyan | B8: purple | C8: pink | D8: =_xlfn.XLOOKUP(A8,'Vic colour ref'!I:I,'Vic colour ref'!H:H,"") -> 3 | E8: =_xlfn.XLOOKUP(B8,'Vic colour ref'!I:I,'Vic colour ref'!H:H,"") -> 4 | F8: =_xlfn.XLOOKUP(C8,'Vic colour ref'!I:I,'Vic colour ref'!H:H,"") -> 10 | G8: =""""&I8&""": {""code"": ["&D8&","&E8&","&F8&"], ""colours"": ["""&A8&""","""&B8&""","""&C8&"""]}," -> "6": {"code": [3,4,10], "colours": ["cyan","purple","pink"]}, | H8: =PROPER(A8)&" "&PROPER(B8)&" "&PROPER(C8) -> Cyan Purple Pink | I8: 6
A9: red | B9: green | C9: white | D9: =_xlfn.XLOOKUP(A9,'Vic colour ref'!I:I,'Vic colour ref'!H:H,"") -> 2 | E9: =_xlfn.XLOOKUP(B9,'Vic colour ref'!I:I,'Vic colour ref'!H:H,"") -> 5 | F9: =_xlfn.XLOOKUP(C9,'Vic colour ref'!I:I,'Vic colour ref'!H:H,"") -> 1 | G9: =""""&I9&""": {""code"": ["&D9&","&E9&","&F9&"], ""colours"": ["""&A9&""","""&B9&""","""&C9&"""]}," -> "7": {"code": [2,5,1], "colours": ["red","green","white"]}, | H9: =PROPER(A9)&" "&PROPER(B9)&" "&PROPER(C9) -> Red Green White | I9: 7
A10: cyan | B10: blue | C10: pink | D10: =_xlfn.XLOOKUP(A10,'Vic colour ref'!I:I,'Vic colour ref'!H:H,"") -> 3 | E10: =_xlfn.XLOOKUP(B10,'Vic colour ref'!I:I,'Vic colour ref'!H:H,"") -> 6 | F10: =_xlfn.XLOOKUP(C10,'Vic colour ref'!I:I,'Vic colour ref'!H:H,"") -> 10 | G10: =""""&I10&""": {""code"": ["&D10&","&E10&","&F10&"], ""colours"": ["""&A10&""","""&B10&""","""&C10&"""]}," -> "8": {"code": [3,6,10], "colours": ["cyan","blue","pink"]}, | H10: =PROPER(A10)&" "&PROPER(B10)&" "&PROPER(C10) -> Cyan Blue Pink | I10: 8
A11: purple | B11: green | C11: lt.orange | D11: =_xlfn.XLOOKUP(A11,'Vic colour ref'!I:I,'Vic colour ref'!H:H,"") -> 4 | E11: =_xlfn.XLOOKUP(B11,'Vic colour ref'!I:I,'Vic colour ref'!H:H,"") -> 5 | F11: =_xlfn.XLOOKUP(C11,'Vic colour ref'!I:I,'Vic colour ref'!H:H,"") -> 9 | G11: =""""&I11&""": {""code"": ["&D11&","&E11&","&F11&"], ""colours"": ["""&A11&""","""&B11&""","""&C11&"""]}," -> "9": {"code": [4,5,9], "colours": ["purple","green","lt.orange"]}, | H11: =PROPER(A11)&" "&PROPER(B11)&" "&PROPER(C11) -> Purple Green Lt.Orange | I11: 9
A12: cyan | B12: red | C12: white | D12: =_xlfn.XLOOKUP(A12,'Vic colour ref'!I:I,'Vic colour ref'!H:H,"") -> 3 | E12: =_xlfn.XLOOKUP(B12,'Vic colour ref'!I:I,'Vic colour ref'!H:H,"") -> 2 | F12: =_xlfn.XLOOKUP(C12,'Vic colour ref'!I:I,'Vic colour ref'!H:H,"") -> 1 | G12: =""""&I12&""": {""code"": ["&D12&","&E12&","&F12&"], ""colours"": ["""&A12&""","""&B12&""","""&C12&"""]}," -> "10": {"code": [3,2,1], "colours": ["cyan","red","white"]}, | H12: =PROPER(A12)&" "&PROPER(B12)&" "&PROPER(C12) -> Cyan Red White | I12: 10
A13: purple | B13: green | C13: pink | D13: =_xlfn.XLOOKUP(A13,'Vic colour ref'!I:I,'Vic colour ref'!H:H,"") -> 4 | E13: =_xlfn.XLOOKUP(B13,'Vic colour ref'!I:I,'Vic colour ref'!H:H,"") -> 5 | F13: =_xlfn.XLOOKUP(C13,'Vic colour ref'!I:I,'Vic colour ref'!H:H,"") -> 10 | G13: =""""&I13&""": {""code"": ["&D13&","&E13&","&F13&"], ""colours"": ["""&A13&""","""&B13&""","""&C13&"""]}," -> "11": {"code": [4,5,10], "colours": ["purple","green","pink"]}, | H13: =PROPER(A13)&" "&PROPER(B13)&" "&PROPER(C13) -> Purple Green Pink | I13: 11
A14: cyan | B14: purple | C14: white | D14: =_xlfn.XLOOKUP(A14,'Vic colour ref'!I:I,'Vic colour ref'!H:H,"") -> 3 | E14: =_xlfn.XLOOKUP(B14,'Vic colour ref'!I:I,'Vic colour ref'!H:H,"") -> 4 | F14: =_xlfn.XLOOKUP(C14,'Vic colour ref'!I:I,'Vic colour ref'!H:H,"") -> 1 | G14: =""""&I14&""": {""code"": ["&D14&","&E14&","&F14&"], ""colours"": ["""&A14&""","""&B14&""","""&C14&"""]}," -> "12": {"code": [3,4,1], "colours": ["cyan","purple","white"]}, | H14: =PROPER(A14)&" "&PROPER(B14)&" "&PROPER(C14) -> Cyan Purple White | I14: 12
... A23: purple | B23: red | C23: white | D23: =_xlfn.XLOOKUP(A23,'Vic colour ref'!I:I,'Vic colour ref'!H:H,"") -> 4 | E23: =_xlfn.XLOOKUP(B23,'Vic colour ref'!I:I,'Vic colour ref'!H:H,"") -> 2 | F23: =_xlfn.XLOOKUP(C23,'Vic colour ref'!I:I,'Vic colour ref'!H:H,"") -> 1 | G23: =""""&I23&""": {""code"": ["&D23&","&E23&","&F23&"], ""colours"": ["""&A23&""","""&B23&""","""&C23&"""]}," -> "21": {"code": [4,2,1], "colours": ["purple","red","white"]}, | H23: =PROPER(A23)&" "&PROPER(B23)&" "&PROPER(C23) -> Purple Red White | I23: 21
A25: white | B25: blue | C25: lt.purple | D25: =_xlfn.XLOOKUP(A25,'Vic colour ref'!I:I,'Vic colour ref'!H:H,"") -> 1 | E25: =_xlfn.XLOOKUP(B25,'Vic colour ref'!I:I,'Vic colour ref'!H:H,"") -> 6 | F25: =_xlfn.XLOOKUP(C25,'Vic colour ref'!I:I,'Vic colour ref'!H:H,"") -> 12 | G25: =""""&I25&""": {""code"": ["&D25&","&E25&","&F25&"], ""colours"": ["""&A25&""","""&B25&""","""&C25&"""]}," -> "Not selected": {"code": [1,6,12], "colours": ["white","blue","lt.purple"]}, | H25: =PROPER(A25)&" "&PROPER(B25)&" "&PROPER(C25) -> White Blue Lt.Purple | I25: Not selected
A26: white | B26: red | C26: lt.orange | D26: =_xlfn.XLOOKUP(A26,'Vic colour ref'!I:I,'Vic colour ref'!H:H,"") -> 1 | E26: =_xlfn.XLOOKUP(B26,'Vic colour ref'!I:I,'Vic colour ref'!H:H,"") -> 2 | F26: =_xlfn.XLOOKUP(C26,'Vic colour ref'!I:I,'Vic colour ref'!H:H,"") -> 9 | G26: =""""&I26&""": {""code"": ["&D26&","&E26&","&F26&"], ""colours"": ["""&A26&""","""&B26&""","""&C26&"""]}," -> "Not selected": {"code": [1,2,9], "colours": ["white","red","lt.orange"]}, | H26: =PROPER(A26)&" "&PROPER(B26)&" "&PROPER(C26) -> White Red Lt.Orange | I26: Not selected
A27: white | B27: red | C27: pink | D27: =_xlfn.XLOOKUP(A27,'Vic colour ref'!I:I,'Vic colour ref'!H:H,"") -> 1 | E27: =_xlfn.XLOOKUP(B27,'Vic colour ref'!I:I,'Vic colour ref'!H:H,"") -> 2 | F27: =_xlfn.XLOOKUP(C27,'Vic colour ref'!I:I,'Vic colour ref'!H:H,"") -> 10 | G27: =""""&I27&""": {""code"": ["&D27&","&E27&","&F27&"], ""colours"": ["""&A27&""","""&B27&""","""&C27&"""]}," -> "Not selected": {"code": [1,2,10], "colours": ["white","red","pink"]}, | H27: =PROPER(A27)&" "&PROPER(B27)&" "&PROPER(C27) -> White Red Pink | I27: Not selected
A28: white | B28: red | C28: lt.cyan | D28: =_xlfn.XLOOKUP(A28,'Vic colour ref'!I:I,'Vic colour ref'!H:H,"") -> 1 | E28: =_xlfn.XLOOKUP(B28,'Vic colour ref'!I:I,'Vic colour ref'!H:H,"") -> 2 | F28: =_xlfn.XLOOKUP(C28,'Vic colour ref'!I:I,'Vic colour ref'!H:H,"") -> 11 | G28: =""""&I28&""": {""code"": ["&D28&","&E28&","&F28&"], ""colours"": ["""&A28&""","""&B28&""","""&C28&"""]}," -> "Not selected": {"code": [1,2,11], "colours": ["white","red","lt.cyan"]}, | H28: =PROPER(A28)&" "&PROPER(B28)&" "&PROPER(C28) -> White Red Lt.Cyan | I28: Not selected
A29: white | B29: red | C29: lt.purple | D29: =_xlfn.XLOOKUP(A29,'Vic colour ref'!I:I,'Vic colour ref'!H:H,"") -> 1 | E29: =_xlfn.XLOOKUP(B29,'Vic colour ref'!I:I,'Vic colour ref'!H:H,"") -> 2 | F29: =_xlfn.XLOOKUP(C29,'Vic colour ref'!I:I,'Vic colour ref'!H:H,"") -> 12 | G29: =""""&I29&""": {""code"": ["&D29&","&E29&","&F29&"], ""colours"": ["""&A29&""","""&B29&""","""&C29&"""]}," -> "Not selected": {"code": [1,2,12], "colours": ["white","red","lt.purple"]}, | H29: =PROPER(A29)&" "&PROPER(B29)&" "&PROPER(C29) -> White Red Lt.Purple | I29: Not selected
A30: white | B30: red | C30: lt.blue | D30: =_xlfn.XLOOKUP(A30,'Vic colour ref'!I:I,'Vic colour ref'!H:H,"") -> 1 | E30: =_xlfn.XLOOKUP(B30,'Vic colour ref'!I:I,'Vic colour ref'!H:H,"") -> 2 | F30: =_xlfn.XLOOKUP(C30,'Vic colour ref'!I:I,'Vic colour ref'!H:H,"") -> 14 | G30: =""""&I30&""": {""code"": ["&D30&","&E30&","&F30&"], ""colours"": ["""&A30&""","""&B30&""","""&C30&"""]}," -> "Not selected": {"code": [1,2,14], "colours": ["white","red","lt.blue"]}, | H30: =PROPER(A30)&" "&PROPER(B30)&" "&PROPER(C30) -> White Red Lt.Blue | I30: Not selected
A31: white | B31: purple | C31: lt.orange | D31: =_xlfn.XLOOKUP(A31,'Vic colour ref'!I:I,'Vic colour ref'!H:H,"") -> 1 | E31: =_xlfn.XLOOKUP(B31,'Vic colour ref'!I:I,'Vic colour ref'!H:H,"") -> 4 | F31: =_xlfn.XLOOKUP(C31,'Vic colour ref'!I:I,'Vic colour ref'!H:H,"") -> 9 | G31: =""""&I31&""": {""code"": ["&D31&","&E31&","&F31&"], ""colours"": ["""&A31&""","""&B31&""","""&C31&"""]}," -> "Not selected": {"code": [1,4,9], "colours": ["white","purple","lt.orange"]}, | H31: =PROPER(A31)&" "&PROPER(B31)&" "&PROPER(C31) -> White Purple Lt.Orange | I31: Not selected
A32: white | B32: purple | C32: pink | D32: =_xlfn.XLOOKUP(A32,'Vic colour ref'!I:I,'Vic colour ref'!H:H,"") -> 1 | E32: =_xlfn.XLOOKUP(B32,'Vic colour ref'!I:I,'Vic colour ref'!H:H,"") -> 4 | F32: =_xlfn.XLOOKUP(C32,'Vic colour ref'!I:I,'Vic colour ref'!H:H,"") -> 10 | G32: =""""&I32&""": {""code"": ["&D32&","&E32&","&F32&"], ""colours"": ["""&A32&""","""&B32&""","""&C32&"""]}," -> "Not selected": {"code": [1,4,10], "colours": ["white","purple","pink"]}, | H32: =PROPER(A32)&" "&PROPER(B32)&" "&PROPER(C32) -> White Purple Pink | I32: Not selected
A33: white | B33: purple | C33: lt.cyan | D33: =_xlfn.XLOOKUP(A33,'Vic colour ref'!I:I,'Vic colour ref'!H:H,"") -> 1 | E33: =_xlfn.XLOOKUP(B33,'Vic colour ref'!I:I,'Vic colour ref'!H:H,"") -> 4 | F33: =_xlfn.XLOOKUP(C33,'Vic colour ref'!I:I,'Vic colour ref'!H:H,"") -> 11 | G33: =""""&I33&""": {""code"": ["&D33&","&E33&","&F33&"], ""colours"": ["""&A33&""","""&B33&""","""&C33&"""]}," -> "Not selected": {"code": [1,4,11], "colours": ["white","purple","lt.cyan"]}, | H33: =PROPER(A33)&" "&PROPER(B33)&" "&PROPER(C33) -> White Purple Lt.Cyan | I33: Not selected
A34: white | B34: purple | C34: lt.blue | D34: =_xlfn.XLOOKUP(A34,'Vic colour ref'!I:I,'Vic colour ref'!H:H,"") -> 1 | E34: =_xlfn.XLOOKUP(B34,'Vic colour ref'!I:I,'Vic colour ref'!H:H,"") -> 4 | F34: =_xlfn.XLOOKUP(C34,'Vic colour ref'!I:I,'Vic colour ref'!H:H,"") -> 14 | G34: =""""&I34&""": {""code"": ["&D34&","&E34&","&F34&"], ""colours"": ["""&A34&""","""&B34&""","""&C34&"""]}," -> "Not selected": {"code": [1,4,14], "colours": ["white","purple","lt.blue"]}, | H34: =PROPER(A34)&" "&PROPER(B34)&" "&PROPER(C34) -> White Purple Lt.Blue | I34: Not selected
A35: white | B35: green | C35: lt.orange | D35: =_xlfn.XLOOKUP(A35,'Vic colour ref'!I:I,'Vic colour ref'!H:H,"") -> 1 | E35: =_xlfn.XLOOKUP(B35,'Vic colour ref'!I:I,'Vic colour ref'!H:H,"") -> 5 | F35: =_xlfn.XLOOKUP(C35,'Vic colour ref'!I:I,'Vic colour ref'!H:H,"") -> 9 | G35: =""""&I35&""": {""code"": ["&D35&","&E35&","&F35&"], ""colours"": ["""&A35&""","""&B35&""","""&C35&"""]}," -> "Not selected": {"code": [1,5,9], "colours": ["white","green","lt.orange"]}, | H35: =PROPER(A35)&" "&PROPER(B35)&" "&PROPER(C35) -> White Green Lt.Orange | I35: Not selected
A36: white | B36: green | C36: pink | D36: =_xlfn.XLOOKUP(A36,'Vic colour ref'!I:I,'Vic colour ref'!H:H,"") -> 1 | E36: =_xlfn.XLOOKUP(B36,'Vic colour ref'!I:I,'Vic colour ref'!H:H,"") -> 5 | F36: =_xlfn.XLOOKUP(C36,'Vic colour ref'!I:I,'Vic colour ref'!H:H,"") -> 10 | G36: =""""&I36&""": {""code"": ["&D36&","&E36&","&F36&"], ""colours"": ["""&A36&""","""&B36&""","""&C36&"""]}," -> "Not selected": {"code": [1,5,10], "colours": ["white","green","pink"]}, | H36: =PROPER(A36)&" "&PROPER(B36)&" "&PROPER(C36) -> White Green Pink | I36: Not selected
... A83: green | B83: purple | C83: lt.blue | D83: =_xlfn.XLOOKUP(A83,'Vic colour ref'!I:I,'Vic colour ref'!H:H,"") -> 5 | E83: =_xlfn.XLOOKUP(B83,'Vic colour ref'!I:I,'Vic colour ref'!H:H,"") -> 4 | F83: =_xlfn.XLOOKUP(C83,'Vic colour ref'!I:I,'Vic colour ref'!H:H,"") -> 14 | G83: =""""&I83&""": {""code"": ["&D83&","&E83&","&F83&"], ""colours"": ["""&A83&""","""&B83&""","""&C83&"""]}," -> "Not selected": {"code": [5,4,14], "colours": ["green","purple","lt.blue"]}, | H83: =PROPER(A83)&" "&PROPER(B83)&" "&PROPER(C83) -> Green Purple Lt.Blue | I83: Not selected

Sheet LowHighSplit
A1: Start value (hex) | B1: Increment (dec) | C1: Dec | D1: Hex | E1: High | F1: Low
A2: 3e00 | B2: 448 | C2: =HEX2DEC(A2) -> 15872 | D2: =DEC2HEX(C2,4) -> 3E00 | E2: ="$"&LOWER(LEFT(D2,2)) -> $3e | F2: ="$"&LOWER(MID(D2,3,2)) -> $00 | H2: high
C3: =C2+$B$2 -> 16320 | D3: =DEC2HEX(C3,4) -> 3FC0 | E3: ="$"&LOWER(LEFT(D3,2)) -> $3f | F3: ="$"&LOWER(MID(D3,3,2)) -> $c0 | H3: {=CONCATENATE(TRANSPOSE(E2:E25),", ")} -> $3e, | I3: $3f, | J3: $41, | K3: $43, | L3: $45, | M3: $46, | N3: $48, | O3: $4a, | P3: $4c, | Q3: $4d, | R3: $4f, | S3: $51, | T3: $53, | U3: $54, | V3: $56, | W3: $58, | X3: $5a, | Y3: $5b, | Z3: $5d, | AA3: $5f, | AB3: $61, | AC3: $62, | AD3: $64, | AE3: $66,
C4: =C3+$B$2 -> 16768 | D4: =DEC2HEX(C4,4) -> 4180 | E4: ="$"&LOWER(LEFT(D4,2)) -> $41 | F4: ="$"&LOWER(MID(D4,3,2)) -> $80
C5: =C4+$B$2 -> 17216 | D5: =DEC2HEX(C5,4) -> 4340 | E5: ="$"&LOWER(LEFT(D5,2)) -> $43 | F5: ="$"&LOWER(MID(D5,3,2)) -> $40 | H5: low
C6: =C5+$B$2 -> 17664 | D6: =DEC2HEX(C6,4) -> 4500 | E6: ="$"&LOWER(LEFT(D6,2)) -> $45 | F6: ="$"&LOWER(MID(D6,3,2)) -> $00 | H6: {=CONCATENATE(TRANSPOSE(F2:F25),", ")} -> $00, | I6: $c0, | J6: $80, | K6: $40, | L6: $00, | M6: $c0, | N6: $80, | O6: $40, | P6: $00, | Q6: $c0, | R6: $80, | S6: $40, | T6: $00, | U6: $c0, | V6: $80, | W6: $40, | X6: $00, | Y6: $c0, | Z6: $80, | AA6: $40, | AB6: $00, | AC6: $c0, | AD6: $80, | AE6: $40,
C7: =C6+$B$2 -> 18112 | D7: =DEC2HEX(C7,4) -> 46C0 | E7: ="$"&LOWER(LEFT(D7,2)) -> $46 | F7: ="$"&LOWER(MID(D7,3,2)) -> $c0
C8: =C7+$B$2 -> 18560 | D8: =DEC2HEX(C8,4) -> 4880 | E8: ="$"&LOWER(LEFT(D8,2)) -> $48 | F8: ="$"&LOWER(MID(D8,3,2)) -> $80
C9: =C8+$B$2 -> 19008 | D9: =DEC2HEX(C9,4) -> 4A40 | E9: ="$"&LOWER(LEFT(D9,2)) -> $4a | F9: ="$"&LOWER(MID(D9,3,2)) -> $40
C10: =C9+$B$2 -> 19456 | D10: =DEC2HEX(C10,4) -> 4C00 | E10: ="$"&LOWER(LEFT(D10,2)) -> $4c | F10: ="$"&LOWER(MID(D10,3,2)) -> $00
C11: =C10+$B$2 -> 19904 | D11: =DEC2HEX(C11,4) -> 4DC0 | E11: ="$"&LOWER(LEFT(D11,2)) -> $4d | F11: ="$"&LOWER(MID(D11,3,2)) -> $c0
C12: =C11+$B$2 -> 20352 | D12: =DEC2HEX(C12,4) -> 4F80 | E12: ="$"&LOWER(LEFT(D12,2)) -> $4f | F12: ="$"&LOWER(MID(D12,3,2)) -> $80
C13: =C12+$B$2 -> 20800 | D13: =DEC2HEX(C13,4) -> 5140 | E13: ="$"&LOWER(LEFT(D13,2)) -> $51 | F13: ="$"&LOWER(MID(D13,3,2)) -> $40
C14: =C13+$B$2 -> 21248 | D14: =DEC2HEX(C14,4) -> 5300 | E14: ="$"&LOWER(LEFT(D14,2)) -> $53 | F14: ="$"&LOWER(MID(D14,3,2)) -> $00
C15: =C14+$B$2 -> 21696 | D15: =DEC2HEX(C15,4) -> 54C0 | E15: ="$"&LOWER(LEFT(D15,2)) -> $54 | F15: ="$"&LOWER(MID(D15,3,2)) -> $c0
C16: =C15+$B$2 -> 22144 | D16: =DEC2HEX(C16,4) -> 5680 | E16: ="$"&LOWER(LEFT(D16,2)) -> $56 | F16: ="$"&LOWER(MID(D16,3,2)) -> $80
C17: =C16+$B$2 -> 22592 | D17: =DEC2HEX(C17,4) -> 5840 | E17: ="$"&LOWER(LEFT(D17,2)) -> $58 | F17: ="$"&LOWER(MID(D17,3,2)) -> $40
C18: =C17+$B$2 -> 23040 | D18: =DEC2HEX(C18,4) -> 5A00 | E18: ="$"&LOWER(LEFT(D18,2)) -> $5a | F18: ="$"&LOWER(MID(D18,3,2)) -> $00
... C25: =C24+$B$2 -> 26176 | D25: =DEC2HEX(C25,4) -> 6640 | E25: ="$"&LOWER(LEFT(D25,2)) -> $66 | F25: ="$"&LOWER(MID(D25,3,2)) -> $40
A28: Start value (hex) | B28: Increment (dec) | C28: Dec | D28: Hex | E28: High | F28: Low
A29: 1078 | B29: 48 | C29: =HEX2DEC(A29) -> 4216 | D29: =DEC2HEX(C29,4) -> 1078 | E29: ="$"&LOWER(LEFT(D29,2)) -> $10 | F29: ="$"&LOWER(MID(D29,3,2)) -> $78 | H29: high
C30: =C29+$B$29 -> 4264 | D30: =DEC2HEX(C30,4) -> 10A8 | E30: ="$"&LOWER(LEFT(D30,2)) -> $10 | F30: ="$"&LOWER(MID(D30,3,2)) -> $a8 | H30: {=CONCATENATE(TRANSPOSE(E29:E52),", ")} -> $10, | I30: $10, | J30: $10, | K30: $11, | L30: $11, | M30: $11, | N30: $11, | O30: $11, | P30: $11, | Q30: $12, | R30: $12, | S30: $12, | T30: $12, | U30: $12, | V30: $13, | W30: $13, | X30: $13, | Y30: $13, | Z30: $13, | AA30: $14, | AB30: $14, | AC30: $14, | AD30: $14, | AE30: $14,
C31: =C30+$B$29 -> 4312 | D31: =DEC2HEX(C31,4) -> 10D8 | E31: ="$"&LOWER(LEFT(D31,2)) -> $10 | F31: ="$"&LOWER(MID(D31,3,2)) -> $d8
C32: =C31+$B$29 -> 4360 | D32: =DEC2HEX(C32,4) -> 1108 | E32: ="$"&LOWER(LEFT(D32,2)) -> $11 | F32: ="$"&LOWER(MID(D32,3,2)) -> $08 | H32: low
C33: =C32+$B$29 -> 4408 | D33: =DEC2HEX(C33,4) -> 1138 | E33: ="$"&LOWER(LEFT(D33,2)) -> $11 | F33: ="$"&LOWER(MID(D33,3,2)) -> $38 | H33: {=CONCATENATE(TRANSPOSE(F29:F52),", ")} -> $78, | I33: $a8, | J33: $d8, | K33: $08, | L33: $38, | M33: $68, | N33: $98, | O33: $c8, | P33: $f8, | Q33: $28, | R33: $58, | S33: $88, | T33: $b8, | U33: $e8, | V33: $18, | W33: $48, | X33: $78, | Y33: $a8, | Z33: $d8, | AA33: $08, | AB33: $38, | AC33: $68, | AD33: $98, | AE33: $c8,
C34: =C33+$B$29 -> 4456 | D34: =DEC2HEX(C34,4) -> 1168 | E34: ="$"&LOWER(LEFT(D34,2)) -> $11 | F34: ="$"&LOWER(MID(D34,3,2)) -> $68
C35: =C34+$B$29 -> 4504 | D35: =DEC2HEX(C35,4) -> 1198 | E35: ="$"&LOWER(LEFT(D35,2)) -> $11 | F35: ="$"&LOWER(MID(D35,3,2)) -> $98
C36: =C35+$B$29 -> 4552 | D36: =DEC2HEX(C36,4) -> 11C8 | E36: ="$"&LOWER(LEFT(D36,2)) -> $11 | F36: ="$"&LOWER(MID(D36,3,2)) -> $c8
C37: =C36+$B$29 -> 4600 | D37: =DEC2HEX(C37,4) -> 11F8 | E37: ="$"&LOWER(LEFT(D37,2)) -> $11 | F37: ="$"&LOWER(MID(D37,3,2)) -> $f8
C38: =C37+$B$29 -> 4648 | D38: =DEC2HEX(C38,4) -> 1228 | E38: ="$"&LOWER(LEFT(D38,2)) -> $12 | F38: ="$"&LOWER(MID(D38,3,2)) -> $28
C39: =C38+$B$29 -> 4696 | D39: =DEC2HEX(C39,4) -> 1258 | E39: ="$"&LOWER(LEFT(D39,2)) -> $12 | F39: ="$"&LOWER(MID(D39,3,2)) -> $58
C40: =C39+$B$29 -> 4744 | D40: =DEC2HEX(C40,4) -> 1288 | E40: ="$"&LOWER(LEFT(D40,2)) -> $12 | F40: ="$"&LOWER(MID(D40,3,2)) -> $88
C41: =C40+$B$29 -> 4792 | D41: =DEC2HEX(C41,4) -> 12B8 | E41: ="$"&LOWER(LEFT(D41,2)) -> $12 | F41: ="$"&LOWER(MID(D41,3,2)) -> $b8
C42: =C41+$B$29 -> 4840 | D42: =DEC2HEX(C42,4) -> 12E8 | E42: ="$"&LOWER(LEFT(D42,2)) -> $12 | F42: ="$"&LOWER(MID(D42,3,2)) -> $e8
C43: =C42+$B$29 -> 4888 | D43: =DEC2HEX(C43,4) -> 1318 | E43: ="$"&LOWER(LEFT(D43,2)) -> $13 | F43: ="$"&LOWER(MID(D43,3,2)) -> $18
C44: =C43+$B$29 -> 4936 | D44: =DEC2HEX(C44,4) -> 1348 | E44: ="$"&LOWER(LEFT(D44,2)) -> $13 | F44: ="$"&LOWER(MID(D44,3,2)) -> $48
C45: =C44+$B$29 -> 4984 | D45: =DEC2HEX(C45,4) -> 1378 | E45: ="$"&LOWER(LEFT(D45,2)) -> $13 | F45: ="$"&LOWER(MID(D45,3,2)) -> $78
... C52: =C51+$B$29 -> 5320 | D52: =DEC2HEX(C52,4) -> 14C8 | E52: ="$"&LOWER(LEFT(D52,2)) -> $14 | F52: ="$"&LOWER(MID(D52,3,2)) -> $c8

Sheet Status
A1: D | B1: D | E1: B | F1: B | I1: T | J1: I | K1: M | L1: E | O1: C | P1: A | Q1: V | R1: E | T1: A | U1: 1 | W1: R | X1: R
A2: D | B2: D | E2: B | F2: B | I2: t | J2: t | K2: t | Q2: s | R2: s | S2: s | T2: s | U2: s | W2: R | X2: R
A3: d | B3: d | C3: d | E3: b | F3: b | G3: b | W3: r | X3: r
E4: G | F4: O | G4: T | I4: A | J4: L | K4: L | M4: D | N4: I | O4: A | P4: M | Q4: O | R4: N | S4: D | T4: S

Sheet Splash
A1: 0 | B1: 0 | C1: 0 | D1: 0 | E1: 0 | F1: 0 | G1: 0 | H1: 0 | I1: 0 | J1: 0 | K1: 0 | L1: 0 | M1: 0 | N1: 0 | O1: 0 | P1: 0 | Q1: 0 | R1: 0 | S1: 0 | T1: 0 | U1: 0 | V1: 0 | W1: 0 | X1: 0 | Y1: 0 | Z1: 0 | AA1: 0 | AB1: 0 | AC1: 0 | AD1: 0 | AE1: 0 | AF1: 0 | AH1: =_xlfn.XLOOKUP(A1,'Vic colour ref'!$A$2:$A$5,'Vic colour ref'!$D$2:$D$5,"") -> 00 | AI1: =_xlfn.XLOOKUP(B1,'Vic colour ref'!$A$2:$A$5,'Vic colour ref'!$D$2:$D$5,"") -> 00 | AJ1: =_xlfn.XLOOKUP(C1,'Vic colour ref'!$A$2:$A$5,'Vic colour ref'!$D$2:$D$5,"") -> 00 | AK1: =_xlfn.XLOOKUP(D1,'Vic colour ref'!$A$2:$A$5,'Vic colour ref'!$D$2:$D$5,"") -> 00 | AL1: =_xlfn.XLOOKUP(E1,'Vic colour ref'!$A$2:$A$5,'Vic colour ref'!$D$2:$D$5,"") -> 00 | AM1: =_xlfn.XLOOKUP(F1,'Vic colour ref'!$A$2:$A$5,'Vic colour ref'!$D$2:$D$5,"") -> 00 | AN1: =_xlfn.XLOOKUP(G1,'Vic colour ref'!$A$2:$A$5,'Vic colour ref'!$D$2:$D$5,"") -> 00 | AO1: =_xlfn.XLOOKUP(H1,'Vic colour ref'!$A$2:$A$5,'Vic colour ref'!$D$2:$D$5,"") -> 00 | ... BM1: =_xlfn.XLOOKUP(AF1,'Vic colour ref'!$A$2:$A$5,'Vic colour ref'!$D$2:$D$5,"") -> 00 | BO1: =_xlfn.CONCAT(AH1:AK1) -> 00000000 | BP1: =_xlfn.CONCAT(AL1:AO1) -> 00000000 | BQ1: =_xlfn.CONCAT(AP1:AS1) -> 00000000 | BR1: =_xlfn.CONCAT(AT1:AW1) -> 00000000 | BS1: =_xlfn.CONCAT(AX1:BA1) -> 00000000 | BT1: =_xlfn.CONCAT(BB1:BE1) -> 00000000 | BU1: =_xlfn.CONCAT(BF1:BI1) -> 00000000 | BV1: =_xlfn.CONCAT(BJ1:BM1) -> 00000000 | BX1: =BIN2HEX(BO1,2) -> 00 | BY1: =BIN2HEX(BP1,2) -> 00 | BZ1: =BIN2HEX(BQ1,2) -> 00 | CA1: =BIN2HEX(BR1,2) -> 00 | CB1: =BIN2HEX(BS1,2) -> 00 | CC1: =BIN2HEX(BT1,2) -> 00 | CD1: =BIN2HEX(BU1,2) -> 00 | CE1: =BIN2HEX(BV1,2) -> 00 | CG1: {=TRANSPOSE(BX1:BX8)} -> 00 | CH1: 00 | CI1: 03 | CJ1: 03 | CK1: 03 | CL1: 03 | CM1: 03 | CN1: 03 | CP1: =LOWER("!byte $"&CG1&", $"&CH1&", $"&CI1&", $"&CJ1&", $"&CK1&", $"&CL1&", $"&CM1&", $"&CN1) -> !byte $00, $00, $03, $03, $03, $03, $03, $03
A2: 0 | B2: 0 | C2: 0 | D2: 0 | E2: 0 | F2: 0 | G2: 0 | H2: 0 | I2: 0 | J2: 0 | K2: 0 | L2: 0 | M2: 0 | N2: 0 | O2: 0 | P2: 0 | Q2: 0 | R2: 0 | S2: 0 | T2: 0 | U2: 0 | V2: 0 | W2: 0 | X2: 0 | Y2: 0 | Z2: 0 | AA2: 0 | AB2: 0 | AC2: 0 | AD2: 0 | AE2: 0 | AF2: 0 | AH2: =_xlfn.XLOOKUP(A2,'Vic colour ref'!$A$2:$A$5,'Vic colour ref'!$D$2:$D$5,"") -> 00 | AI2: =_xlfn.XLOOKUP(B2,'Vic colour ref'!$A$2:$A$5,'Vic colour ref'!$D$2:$D$5,"") -> 00 | AJ2: =_xlfn.XLOOKUP(C2,'Vic colour ref'!$A$2:$A$5,'Vic colour ref'!$D$2:$D$5,"") -> 00 | AK2: =_xlfn.XLOOKUP(D2,'Vic colour ref'!$A$2:$A$5,'Vic colour ref'!$D$2:$D$5,"") -> 00 | AL2: =_xlfn.XLOOKUP(E2,'Vic colour ref'!$A$2:$A$5,'Vic colour ref'!$D$2:$D$5,"") -> 00 | AM2: =_xlfn.XLOOKUP(F2,'Vic colour ref'!$A$2:$A$5,'Vic colour ref'!$D$2:$D$5,"") -> 00 | AN2: =_xlfn.XLOOKUP(G2,'Vic colour ref'!$A$2:$A$5,'Vic colour ref'!$D$2:$D$5,"") -> 00 | AO2: =_xlfn.XLOOKUP(H2,'Vic colour ref'!$A$2:$A$5,'Vic colour ref'!$D$2:$D$5,"") -> 00 | ... BM2: =_xlfn.XLOOKUP(AF2,'Vic colour ref'!$A$2:$A$5,'Vic colour ref'!$D$2:$D$5,"") -> 00 | BO2: =_xlfn.CONCAT(AH2:AK2) -> 00000000 | BP2: =_xlfn.CONCAT(AL2:AO2) -> 00000000 | BQ2: =_xlfn.CONCAT(AP2:AS2) -> 00000000 | BR2: =_xlfn.CONCAT(AT2:AW2) -> 00000000 | BS2: =_xlfn.CONCAT(AX2:BA2) -> 00000000 | BT2: =_xlfn.CONCAT(BB2:BE2) -> 00000000 | BU2: =_xlfn.CONCAT(BF2:BI2) -> 00000000 | BV2: =_xlfn.CONCAT(BJ2:BM2) -> 00000000 | BX2: =BIN2HEX(BO2,2) -> 00 | BY2: =BIN2HEX(BP2,2) -> 00 | BZ2: =BIN2HEX(BQ2,2) -> 00 | CA2: =BIN2HEX(BR2,2) -> 00 | CB2: =BIN2HEX(BS2,2) -> 00 | CC2: =BIN2HEX(BT2,2) -> 00 | CD2: =BIN2HEX(BU2,2) -> 00 | CE2: =BIN2HEX(BV2,2) -> 00 | CG2: {=TRANSPOSE(BY1:BY8)} -> 00 | CH2: 00 | CI2: F0 | CJ2: F0 | CK2: F0 | CL2: FF | CM2: FF | CN2: FF | CP2: =LOWER("!byte $"&CG2&", $"&CH2&", $"&CI2&", $"&CJ2&", $"&CK2&", $"&CL2&", $"&CM2&", $"&CN2) -> !byte $00, $00, $f0, $f0, $f0, $ff, $ff, $ff
A3: 0 | B3: 0 | C3: 0 | D3: 3 | E3: 3 | F3: 3 | G3: 0 | H3: 0 | I3: 0 | J3: 0 | K3: 0 | L3: 0 | M3: 3 | N3: 3 | O3: 3 | P3: 0 | Q3: 0 | R3: 0 | S3: 0 | T3: 0 | U3: 0 | V3: 0 | W3: 0 | X3: 0 | Y3: 0 | Z3: 0 | AA3: 0 | AB3: 0 | AC3: 0 | AD3: 0 | AE3: 0 | AF3: 0 | AH3: =_xlfn.XLOOKUP(A3,'Vic colour ref'!$A$2:$A$5,'Vic colour ref'!$D$2:$D$5,"") -> 00 | AI3: =_xlfn.XLOOKUP(B3,'Vic colour ref'!$A$2:$A$5,'Vic colour ref'!$D$2:$D$5,"") -> 00 | AJ3: =_xlfn.XLOOKUP(C3,'Vic colour ref'!$A$2:$A$5,'Vic colour ref'!$D$2:$D$5,"") -> 00 | AK3: =_xlfn.XLOOKUP(D3,'Vic colour ref'!$A$2:$A$5,'Vic colour ref'!$D$2:$D$5,"") -> 11 | AL3: =_xlfn.XLOOKUP(E3,'Vic colour ref'!$A$2:$A$5,'Vic colour ref'!$D$2:$D$5,"") -> 11 | AM3: =_xlfn.XLOOKUP(F3,'Vic colour ref'!$A$2:$A$5,'Vic colour ref'!$D$2:$D$5,"") -> 11 | AN3: =_xlfn.XLOOKUP(G3,'Vic colour ref'!$A$2:$A$5,'Vic colour ref'!$D$2:$D$5,"") -> 00 | AO3: =_xlfn.XLOOKUP(H3,'Vic colour ref'!$A$2:$A$5,'Vic colour ref'!$D$2:$D$5,"") -> 00 | ... BM3: =_xlfn.XLOOKUP(AF3,'Vic colour ref'!$A$2:$A$5,'Vic colour ref'!$D$2:$D$5,"") -> 00 | BO3: =_xlfn.CONCAT(AH3:AK3) -> 00000011 | BP3: =_xlfn.CONCAT(AL3:AO3) -> 11110000 | BQ3: =_xlfn.CONCAT(AP3:AS3) -> 00000000 | BR3: =_xlfn.CONCAT(AT3:AW3) -> 11111100 | BS3: =_xlfn.CONCAT(AX3:BA3) -> 00000000 | BT3: =_xlfn.CONCAT(BB3:BE3) -> 00000000 | BU3: =_xlfn.CONCAT(BF3:BI3) -> 00000000 | BV3: =_xlfn.CONCAT(BJ3:BM3) -> 00000000 | BX3: =BIN2HEX(BO3,2) -> 03 | BY3: =BIN2HEX(BP3,2) -> F0 | BZ3: =BIN2HEX(BQ3,2) -> 00 | CA3: =BIN2HEX(BR3,2) -> FC | CB3: =BIN2HEX(BS3,2) -> 00 | CC3: =BIN2HEX(BT3,2) -> 00 | CD3: =BIN2HEX(BU3,2) -> 00 | CE3: =BIN2HEX(BV3,2) -> 00 | CG3: {=TRANSPOSE(BZ1:BZ8)} -> 00 | CH3: 00 | CI3: 00 | CJ3: 00 | CK3: 00 | CL3: FF | CM3: FF | CN3: FF | CP3: =LOWER("!byte $"&CG3&", $"&CH3&", $"&CI3&", $"&CJ3&", $"&CK3&", $"&CL3&", $"&CM3&", $"&CN3) -> !byte $00, $00, $00, $00, $00, $ff, $ff, $ff
A4: 0 | B4: 0 | C4: 0 | D4: 3 | E4: 3 | F4: 3 | G4: 0 | H4: 0 | I4: 0 | J4: 0 | K4: 0 | L4: 0 | M4: 3 | N4: 3 | O4: 3 | P4: 0 | Q4: 0 | R4: 0 | S4: 0 | T4: 0 | U4: 0 | V4: 0 | W4: 0 | X4: 0 | Y4: 0 | Z4: 0 | AA4: 0 | AB4: 0 | AC4: 0 | AD4: 0 | AE4: 0 | AF4: 0 | AH4: =_xlfn.XLOOKUP(A4,'Vic colour ref'!$A$2:$A$5,'Vic colour ref'!$D$2:$D$5,"") -> 00 | AI4: =_xlfn.XLOOKUP(B4,'Vic colour ref'!$A$2:$A$5,'Vic colour ref'!$D$2:$D$5,"") -> 00 | AJ4: =_xlfn.XLOOKUP(C4,'Vic colour ref'!$A$2:$A$5,'Vic colour ref'!$D$2:$D$5,"") -> 00 | AK4: =_xlfn.XLOOKUP(D4,'Vic colour ref'!$A$2:$A$5,'Vic colour ref'!$D$2:$D$5,"") -> 11 | AL4: =_xlfn.XLOOKUP(E4,'Vic colour ref'!$A$2:$A$5,'Vic colour ref'!$D$2:$D$5,"") -> 11 | AM4: =_xlfn.XLOOKUP(F4,'Vic colour ref'!$A$2:$A$5,'Vic colour ref'!$D$2:$D$5,"") -> 11 | AN4: =_xlfn.XLOOKUP(G4,'Vic colour ref'!$A$2:$A$5,'Vic colour ref'!$D$2:$D$5,"") -> 00 | AO4: =_xlfn.XLOOKUP(H4,'Vic colour ref'!$A$2:$A$5,'Vic colour ref'!$D$2:$D$5,"") -> 00 | ... BM4: =_xlfn.XLOOKUP(AF4,'Vic colour ref'!$A$2:$A$5,'Vic colour ref'!$D$2:$D$5,"") -> 00 | BO4: =_xlfn.CONCAT(AH4:AK4) -> 00000011 | BP4: =_xlfn.CONCAT(AL4:AO4) -> 11110000 | BQ4: =_xlfn.CONCAT(AP4:AS4) -> 00000000 | BR4: =_xlfn.CONCAT(AT4:AW4) -> 11111100 | BS4: =_xlfn.CONCAT(AX4:BA4) -> 00000000 | BT4: =_xlfn.CONCAT(BB4:BE4) -> 00000000 | BU4: =_xlfn.CONCAT(BF4:BI4) -> 00000000 | BV4: =_xlfn.CONCAT(BJ4:BM4) -> 00000000 | BX4: =BIN2HEX(BO4,2) -> 03 | BY4: =BIN2HEX(BP4,2) -> F0 | BZ4: =BIN2HEX(BQ4,2) -> 00 | CA4: =BIN2HEX(BR4,2) -> FC | CB4: =BIN2HEX(BS4,2) -> 00 | CC4: =BIN2HEX(BT4,2) -> 00 | CD4: =BIN2HEX(BU4,2) -> 00 | CE4: =BIN2HEX(BV4,2) -> 00 | CG4: {=TRANSPOSE(CA1:CA8)} -> 00 | CH4: 00 | CI4: FC | CJ4: FC | CK4: FC | CL4: FC | CM4: FC | CN4: FC | CP4: =LOWER("!byte $"&CG4&", $"&CH4&", $"&CI4&", $"&CJ4&", $"&CK4&", $"&CL4&", $"&CM4&", $"&CN4) -> !byte $00, $00, $fc, $fc, $fc, $fc, $fc, $fc
A5: 0 | B5: 0 | C5: 0 | D5: 3 | E5: 3 | F5: 3 | G5: 0 | H5: 0 | I5: 0 | J5: 0 | K5: 0 | L5: 0 | M5: 3 | N5: 3 | O5: 3 | P5: 0 | Q5: 0 | R5: 0 | S5: 0 | T5: 0 | U5: 0 | V5: 0 | W5: 0 | X5: 0 | Y5: 0 | Z5: 0 | AA5: 0 | AB5: 0 | AC5: 0 | AD5: 0 | AE5: 0 | AF5: 0 | AH5: =_xlfn.XLOOKUP(A5,'Vic colour ref'!$A$2:$A$5,'Vic colour ref'!$D$2:$D$5,"") -> 00 | AI5: =_xlfn.XLOOKUP(B5,'Vic colour ref'!$A$2:$A$5,'Vic colour ref'!$D$2:$D$5,"") -> 00 | AJ5: =_xlfn.XLOOKUP(C5,'Vic colour ref'!$A$2:$A$5,'Vic colour ref'!$D$2:$D$5,"") -> 00 | AK5: =_xlfn.XLOOKUP(D5,'Vic colour ref'!$A$2:$A$5,'Vic colour ref'!$D$2:$D$5,"") -> 11 | AL5: =_xlfn.XLOOKUP(E5,'Vic colour ref'!$A$2:$A$5,'Vic colour ref'!$D$2:$D$5,"") -> 11 | AM5: =_xlfn.XLOOKUP(F5,'Vic colour ref'!$A$2:$A$5,'Vic colour ref'!$D$2:$D$5,"") -> 11 | AN5: =_xlfn.XLOOKUP(G5,'Vic colour ref'!$A$2:$A$5,'Vic colour ref'!$D$2:$D$5,"") -> 00 | AO5: =_xlfn.XLOOKUP(H5,'Vic colour ref'!$A$2:$A$5,'Vic colour ref'!$D$2:$D$5,"") -> 00 | ... BM5: =_xlfn.XLOOKUP(AF5,'Vic colour ref'!$A$2:$A$5,'Vic colour ref'!$D$2:$D$5,"") -> 00 | BO5: =_xlfn.CONCAT(AH5:AK5) -> 00000011 | BP5: =_xlfn.CONCAT(AL5:AO5) -> 11110000 | BQ5: =_xlfn.CONCAT(AP5:AS5) -> 00000000 | BR5: =_xlfn.CONCAT(AT5:AW5) -> 11111100 | BS5: =_xlfn.CONCAT(AX5:BA5) -> 00000000 | BT5: =_xlfn.CONCAT(BB5:BE5) -> 00000000 | BU5: =_xlfn.CONCAT(BF5:BI5) -> 00000000 | BV5: =_xlfn.CONCAT(BJ5:BM5) -> 00000000 | BX5: =BIN2HEX(BO5,2) -> 03 | BY5: =BIN2HEX(BP5,2) -> F0 | BZ5: =BIN2HEX(BQ5,2) -> 00 | CA5: =BIN2HEX(BR5,2) -> FC | CB5: =BIN2HEX(BS5,2) -> 00 | CC5: =BIN2HEX(BT5,2) -> 00 | CD5: =BIN2HEX(BU5,2) -> 00 | CE5: =BIN2HEX(BV5,2) -> 00 | CG5: {=TRANSPOSE(CB1:CB8)} -> 00 | CH5: 00 | CI5: 00 | CJ5: 00 | CK5: 00 | CL5: 00 | CM5: 00 | CN5: 00 | CP5: =LOWER("!byte $"&CG5&", $"&CH5&", $"&CI5&", $"&CJ5&", $"&CK5&", $"&CL5&", $"&CM5&", $"&CN5) -> !byte $00, $00, $00, $00, $00, $00, $00, $00
A6: 0 | B6: 0 | C6: 0 | D6: 3 | E6: 3 | F6: 3 | G6: 3 | H6: 3 | I6: 3 | J6: 3 | K6: 3 | L6: 3 | M6: 3 | N6: 3 | O6: 3 | P6: 0 | Q6: 0 | R6: 0 | S6: 0 | T6: 0 | U6: 0 | V6: 0 | W6: 0 | X6: 0 | Y6: 0 | Z6: 0 | AA6: 0 | AB6: 0 | AC6: 0 | AD6: 0 | AE6: 0 | AF6: 0 | AH6: =_xlfn.XLOOKUP(A6,'Vic colour ref'!$A$2:$A$5,'Vic colour ref'!$D$2:$D$5,"") -> 00 | AI6: =_xlfn.XLOOKUP(B6,'Vic colour ref'!$A$2:$A$5,'Vic colour ref'!$D$2:$D$5,"") -> 00 | AJ6: =_xlfn.XLOOKUP(C6,'Vic colour ref'!$A$2:$A$5,'Vic colour ref'!$D$2:$D$5,"") -> 00 | AK6: =_xlfn.XLOOKUP(D6,'Vic colour ref'!$A$2:$A$5,'Vic colour ref'!$D$2:$D$5,"") -> 11 | AL6: =_xlfn.XLOOKUP(E6,'Vic colour ref'!$A$2:$A$5,'Vic colour ref'!$D$2:$D$5,"") -> 11 | AM6: =_xlfn.XLOOKUP(F6,'Vic colour ref'!$A$2:$A$5,'Vic colour ref'!$D$2:$D$5,"") -> 11 | AN6: =_xlfn.XLOOKUP(G6,'Vic colour ref'!$A$2:$A$5,'Vic colour ref'!$D$2:$D$5,"") -> 11 | AO6: =_xlfn.XLOOKUP(H6,'Vic colour ref'!$A$2:$A$5,'Vic colour ref'!$D$2:$D$5,"") -> 11 | ... BM6: =_xlfn.XLOOKUP(AF6,'Vic colour ref'!$A$2:$A$5,'Vic colour ref'!$D$2:$D$5,"") -> 00 | BO6: =_xlfn.CONCAT(AH6:AK6) -> 00000011 | BP6: =_xlfn.CONCAT(AL6:AO6) -> 11111111 | BQ6: =_xlfn.CONCAT(AP6:AS6) -> 11111111 | BR6: =_xlfn.CONCAT(AT6:AW6) -> 11111100 | BS6: =_xlfn.CONCAT(AX6:BA6) -> 00000000 | BT6: =_xlfn.CONCAT(BB6:BE6) -> 00000000 | BU6: =_xlfn.CONCAT(BF6:BI6) -> 00000000 | BV6: =_xlfn.CONCAT(BJ6:BM6) -> 00000000 | BX6: =BIN2HEX(BO6,2) -> 03 | BY6: =BIN2HEX(BP6,2) -> FF | BZ6: =BIN2HEX(BQ6,2) -> FF | CA6: =BIN2HEX(BR6,2) -> FC | CB6: =BIN2HEX(BS6,2) -> 00 | CC6: =BIN2HEX(BT6,2) -> 00 | CD6: =BIN2HEX(BU6,2) -> 00 | CE6: =BIN2HEX(BV6,2) -> 00 | CG6: {=TRANSPOSE(CC1:CC8)} -> 00 | CH6: 00 | CI6: 00 | CJ6: 00 | CK6: 00 | CL6: 00 | CM6: 00 | CN6: 00 | CP6: =LOWER("!byte $"&CG6&", $"&CH6&", $"&CI6&", $"&CJ6&", $"&CK6&", $"&CL6&", $"&CM6&", $"&CN6) -> !byte $00, $00, $00, $00, $00, $00, $00, $00
A7: 0 | B7: 0 | C7: 0 | D7: 3 | E7: 3 | F7: 3 | G7: 3 | H7: 3 | I7: 3 | J7: 3 | K7: 3 | L7: 3 | M7: 3 | N7: 3 | O7: 3 | P7: 0 | Q7: 0 | R7: 0 | S7: 0 | T7: 0 | U7: 0 | V7: 0 | W7: 0 | X7: 0 | Y7: 0 | Z7: 0 | AA7: 0 | AB7: 0 | AC7: 0 | AD7: 0 | AE7: 0 | AF7: 0 | AH7: =_xlfn.XLOOKUP(A7,'Vic colour ref'!$A$2:$A$5,'Vic colour ref'!$D$2:$D$5,"") -> 00 | AI7: =_xlfn.XLOOKUP(B7,'Vic colour ref'!$A$2:$A$5,'Vic colour ref'!$D$2:$D$5,"") -> 00 | AJ7: =_xlfn.XLOOKUP(C7,'Vic colour ref'!$A$2:$A$5,'Vic colour ref'!$D$2:$D$5,"") -> 00 | AK7: =_xlfn.XLOOKUP(D7,'Vic colour ref'!$A$2:$A$5,'Vic colour ref'!$D$2:$D$5,"") -> 11 | AL7: =_xlfn.XLOOKUP(E7,'Vic colour ref'!$A$2:$A$5,'Vic colour ref'!$D$2:$D$5,"") -> 11 | AM7: =_xlfn.XLOOKUP(F7,'Vic colour ref'!$A$2:$A$5,'Vic colour ref'!$D$2:$D$5,"") -> 11 | AN7: =_xlfn.XLOOKUP(G7,'Vic colour ref'!$A$2:$A$5,'Vic colour ref'!$D$2:$D$5,"") -> 11 | AO7: =_xlfn.XLOOKUP(H7,'Vic colour ref'!$A$2:$A$5,'Vic colour ref'!$D$2:$D$5,"") -> 11 | ... BM7: =_xlfn.XLOOKUP(AF7,'Vic colour ref'!$A$2:$A$5,'Vic colour ref'!$D$2:$D$5,"") -> 00 | BO7: =_xlfn.CONCAT(AH7:AK7) -> 00000011 | BP7: =_xlfn.CONCAT(AL7:AO7) -> 11111111 | BQ7: =_xlfn.CONCAT(AP7:AS7) -> 11111111 | BR7: =_xlfn.CONCAT(AT7:AW7) -> 11111100 | BS7: =_xlfn.CONCAT(AX7:BA7) -> 00000000 | BT7: =_xlfn.CONCAT(BB7:BE7) -> 00000000 | BU7: =_xlfn.CONCAT(BF7:BI7) -> 00000000 | BV7: =_xlfn.CONCAT(BJ7:BM7) -> 00000000 | BX7: =BIN2HEX(BO7,2) -> 03 | BY7: =BIN2HEX(BP7,2) -> FF | BZ7: =BIN2HEX(BQ7,2) -> FF | CA7: =BIN2HEX(BR7,2) -> FC | CB7: =BIN2HEX(BS7,2) -> 00 | CC7: =BIN2HEX(BT7,2) -> 00 | CD7: =BIN2HEX(BU7,2) -> 00 | CE7: =BIN2HEX(BV7,2) -> 00 | CG7: {=TRANSPOSE(CD1:CD8)} -> 00 | CH7: 00 | CI7: 00 | CJ7: 00 | CK7: 00 | CL7: 00 | CM7: 00 | CN7: 00 | CP7: =LOWER("!byte $"&CG7&", $"&CH7&", $"&CI7&", $"&CJ7&", $"&CK7&", $"&CL7&", $"&CM7&", $"&CN7) -> !byte $00, $00, $00, $00, $00, $00, $00, $00
A8: 0 | B8: 0 | C8: 0 | D8: 3 | E8: 3 | F8: 3 | G8: 3 | H8: 3 | I8: 3 | J8: 3 | K8: 3 | L8: 3 | M8: 3 | N8: 3 | O8: 3 | P8: 0 | Q8: 0 | R8: 0 | S8: 0 | T8: 0 | U8: 0 | V8: 0 | W8: 0 | X8: 0 | Y8: 0 | Z8: 0 | AA8: 0 | AB8: 0 | AC8: 0 | AD8: 0 | AE8: 0 | AF8: 0 | AH8: =_xlfn.XLOOKUP(A8,'Vic colour ref'!$A$2:$A$5,'Vic colour ref'!$D$2:$D$5,"") -> 00 | AI8: =_xlfn.XLOOKUP(B8,'Vic colour ref'!$A$2:$A$5,'Vic colour ref'!$D$2:$D$5,"") -> 00 | AJ8: =_xlfn.XLOOKUP(C8,'Vic colour ref'!$A$2:$A$5,'Vic colour ref'!$D$2:$D$5,"") -> 00 | AK8: =_xlfn.XLOOKUP(D8,'Vic colour ref'!$A$2:$A$5,'Vic colour ref'!$D$2:$D$5,"") -> 11 | AL8: =_xlfn.XLOOKUP(E8,'Vic colour ref'!$A$2:$A$5,'Vic colour ref'!$D$2:$D$5,"") -> 11 | AM8: =_xlfn.XLOOKUP(F8,'Vic colour ref'!$A$2:$A$5,'Vic colour ref'!$D$2:$D$5,"") -> 11 | AN8: =_xlfn.XLOOKUP(G8,'Vic colour ref'!$A$2:$A$5,'Vic colour ref'!$D$2:$D$5,"") -> 11 | AO8: =_xlfn.XLOOKUP(H8,'Vic colour ref'!$A$2:$A$5,'Vic colour ref'!$D$2:$D$5,"") -> 11 | ... BM8: =_xlfn.XLOOKUP(AF8,'Vic colour ref'!$A$2:$A$5,'Vic colour ref'!$D$2:$D$5,"") -> 00 | BO8: =_xlfn.CONCAT(AH8:AK8) -> 00000011 | BP8: =_xlfn.CONCAT(AL8:AO8) -> 11111111 | BQ8: =_xlfn.CONCAT(AP8:AS8) -> 11111111 | BR8: =_xlfn.CONCAT(AT8:AW8) -> 11111100 | BS8: =_xlfn.CONCAT(AX8:BA8) -> 00000000 | BT8: =_xlfn.CONCAT(BB8:BE8) -> 00000000 | BU8: =_xlfn.CONCAT(BF8:BI8) -> 00000000 | BV8: =_xlfn.CONCAT(BJ8:BM8) -> 00000000 | BX8: =BIN2HEX(BO8,2) -> 03 | BY8: =BIN2HEX(BP8,2) -> FF | BZ8: =BIN2HEX(BQ8,2) -> FF | CA8: =BIN2HEX(BR8,2) -> FC | CB8: =BIN2HEX(BS8,2) -> 00 | CC8: =BIN2HEX(BT8,2) -> 00 | CD8: =BIN2HEX(BU8,2) -> 00 | CE8: =BIN2HEX(BV8,2) -> 00 | CG8: {=TRANSPOSE(CE1:CE8)} -> 00 | CH8: 00 | CI8: 00 | CJ8: 00 | CK8: 00 | CL8: 00 | CM8: 00 | CN8: 00 | CP8: =LOWER("!byte $"&CG8&", $"&CH8&", $"&CI8&", $"&CJ8&", $"&CK8&", $"&CL8&", $"&CM8&", $"&CN8) -> !byte $00, $00, $00, $00, $00, $00, $00, $00
A9: 3 | B9: 3 | C9: 3 | D9: 0 | E9: 0 | F9: 0 | G9: 3 | H9: 3 | I9: 3 | J9: 3 | K9: 3 | L9: 3 | M9: 0 | N9: 0 | O9: 0 | P9: 3 | Q9: 3 | R9: 3 | S9: 0 | T9: 0 | U9: 0 | V9: 0 | W9: 0 | X9: 0 | Y9: 0 | Z9: 0 | AA9: 0 | AB9: 0 | AC9: 0 | AD9: 0 | AE9: 0 | AF9: 0 | AH9: =_xlfn.XLOOKUP(A9,'Vic colour ref'!$A$2:$A$5,'Vic colour ref'!$D$2:$D$5,"") -> 11 | AI9: =_xlfn.XLOOKUP(B9,'Vic colour ref'!$A$2:$A$5,'Vic colour ref'!$D$2:$D$5,"") -> 11 | AJ9: =_xlfn.XLOOKUP(C9,'Vic colour ref'!$A$2:$A$5,'Vic colour ref'!$D$2:$D$5,"") -> 11 | AK9: =_xlfn.XLOOKUP(D9,'Vic colour ref'!$A$2:$A$5,'Vic colour ref'!$D$2:$D$5,"") -> 00 | AL9: =_xlfn.XLOOKUP(E9,'Vic colour ref'!$A$2:$A$5,'Vic colour ref'!$D$2:$D$5,"") -> 00 | AM9: =_xlfn.XLOOKUP(F9,'Vic colour ref'!$A$2:$A$5,'Vic colour ref'!$D$2:$D$5,"") -> 00 | AN9: =_xlfn.XLOOKUP(G9,'Vic colour ref'!$A$2:$A$5,'Vic colour ref'!$D$2:$D$5,"") -> 11 | AO9: =_xlfn.XLOOKUP(H9,'Vic colour ref'!$A$2:$A$5,'Vic colour ref'!$D$2:$D$5,"") -> 11 | ... BM9: =_xlfn.XLOOKUP(AF9,'Vic colour ref'!$A$2:$A$5,'Vic colour ref'!$D$2:$D$5,"") -> 00 | BO9: =_xlfn.CONCAT(AH9:AK9) -> 11111100 | BP9: =_xlfn.CONCAT(AL9:AO9) -> 00001111 | BQ9: =_xlfn.CONCAT(AP9:AS9) -> 11111111 | BR9: =_xlfn.CONCAT(AT9:AW9) -> 00000011 | BS9: =_xlfn.CONCAT(AX9:BA9) -> 11110000 | BT9: =_xlfn.CONCAT(BB9:BE9) -> 00000000 | BU9: =_xlfn.CONCAT(BF9:BI9) -> 00000000 | BV9: =_xlfn.CONCAT(BJ9:BM9) -> 00000000 | BX9: =BIN2HEX(BO9,2) -> FC | BY9: =BIN2HEX(BP9,2) -> 0F | BZ9: =BIN2HEX(BQ9,2) -> FF | CA9: =BIN2HEX(BR9,2) -> 03 | CB9: =BIN2HEX(BS9,2) -> F0 | CC9: =BIN2HEX(BT9,2) -> 00 | CD9: =BIN2HEX(BU9,2) -> 00 | CE9: =BIN2HEX(BV9,2) -> 00 | CG9: {=TRANSPOSE(BX9:BX16)} -> FC | CH9: FC | CI9: FC | CJ9: FC | CK9: FC | CL9: FC | CM9: 03 | CN9: 03 | CP9: =LOWER("!byte $"&CG9&", $"&CH9&", $"&CI9&", $"&CJ9&", $"&CK9&", $"&CL9&", $"&CM9&", $"&CN9) -> !byte $fc, $fc, $fc, $fc, $fc, $fc, $03, $03
A10: 3 | B10: 3 | C10: 3 | D10: 0 | E10: 0 | F10: 0 | G10: 3 | H10: 3 | I10: 3 | J10: 3 | K10: 3 | L10: 3 | M10: 0 | N10: 0 | O10: 0 | P10: 3 | Q10: 3 | R10: 3 | S10: 0 | T10: 0 | U10: 0 | V10: 0 | W10: 0 | X10: 0 | Y10: 0 | Z10: 0 | AA10: 0 | AB10: 0 | AC10: 0 | AD10: 0 | AE10: 0 | AF10: 0 | AH10: =_xlfn.XLOOKUP(A10,'Vic colour ref'!$A$2:$A$5,'Vic colour ref'!$D$2:$D$5,"") -> 11 | AI10: =_xlfn.XLOOKUP(B10,'Vic colour ref'!$A$2:$A$5,'Vic colour ref'!$D$2:$D$5,"") -> 11 | AJ10: =_xlfn.XLOOKUP(C10,'Vic colour ref'!$A$2:$A$5,'Vic colour ref'!$D$2:$D$5,"") -> 11 | AK10: =_xlfn.XLOOKUP(D10,'Vic colour ref'!$A$2:$A$5,'Vic colour ref'!$D$2:$D$5,"") -> 00 | AL10: =_xlfn.XLOOKUP(E10,'Vic colour ref'!$A$2:$A$5,'Vic colour ref'!$D$2:$D$5,"") -> 00 | AM10: =_xlfn.XLOOKUP(F10,'Vic colour ref'!$A$2:$A$5,'Vic colour ref'!$D$2:$D$5,"") -> 00 | AN10: =_xlfn.XLOOKUP(G10,'Vic colour ref'!$A$2:$A$5,'Vic colour ref'!$D$2:$D$5,"") -> 11 | AO10: =_xlfn.XLOOKUP(H10,'Vic colour ref'!$A$2:$A$5,'Vic colour ref'!$D$2:$D$5,"") -> 11 | ... BM10: =_xlfn.XLOOKUP(AF10,'Vic colour ref'!$A$2:$A$5,'Vic colour ref'!$D$2:$D$5,"") -> 00 | BO10: =_xlfn.CONCAT(AH10:AK10) -> 11111100 | BP10: =_xlfn.CONCAT(AL10:AO10) -> 00001111 | BQ10: =_xlfn.CONCAT(AP10:AS10) -> 11111111 | BR10: =_xlfn.CONCAT(AT10:AW10) -> 00000011 | BS10: =_xlfn.CONCAT(AX10:BA10) -> 11110000 | BT10: =_xlfn.CONCAT(BB10:BE10) -> 00000000 | BU10: =_xlfn.CONCAT(BF10:BI10) -> 00000000 | BV10: =_xlfn.CONCAT(BJ10:BM10) -> 00000000 | BX10: =BIN2HEX(BO10,2) -> FC | BY10: =BIN2HEX(BP10,2) -> 0F | BZ10: =BIN2HEX(BQ10,2) -> FF | CA10: =BIN2HEX(BR10,2) -> 03 | CB10: =BIN2HEX(BS10,2) -> F0 | CC10: =BIN2HEX(BT10,2) -> 00 | CD10: =BIN2HEX(BU10,2) -> 00 | CE10: =BIN2HEX(BV10,2) -> 00 | CG10: {=TRANSPOSE(BY9:BY16)} -> 0F | CH10: 0F | CI10: 0F | CJ10: 0F | CK10: 0F | CL10: 0F | CM10: FF | CN10: FF | CP10: =LOWER("!byte $"&CG10&", $"&CH10&", $"&CI10&", $"&CJ10&", $"&CK10&", $"&CL10&", $"&CM10&", $"&CN10) -> !byte $0f, $0f, $0f, $0f, $0f, $0f, $ff, $ff
A11: 3 | B11: 3 | C11: 3 | D11: 0 | E11: 0 | F11: 0 | G11: 3 | H11: 3 | I11: 3 | J11: 3 | K11: 3 | L11: 3 | M11: 0 | N11: 0 | O11: 0 | P11: 3 | Q11: 3 | R11: 3 | S11: 0 | T11: 0 | U11: 0 | V11: 0 | W11: 0 | X11: 0 | Y11: 0 | Z11: 0 | AA11: 0 | AB11: 0 | AC11: 0 | AD11: 0 | AE11: 0 | AF11: 0 | AH11: =_xlfn.XLOOKUP(A11,'Vic colour ref'!$A$2:$A$5,'Vic colour ref'!$D$2:$D$5,"") -> 11 | AI11: =_xlfn.XLOOKUP(B11,'Vic colour ref'!$A$2:$A$5,'Vic colour ref'!$D$2:$D$5,"") -> 11 | AJ11: =_xlfn.XLOOKUP(C11,'Vic colour ref'!$A$2:$A$5,'Vic colour ref'!$D$2:$D$5,"") -> 11 | AK11: =_xlfn.XLOOKUP(D11,'Vic colour ref'!$A$2:$A$5,'Vic colour ref'!$D$2:$D$5,"") -> 00 | AL11: =_xlfn.XLOOKUP(E11,'Vic colour ref'!$A$2:$A$5,'Vic colour ref'!$D$2:$D$5,"") -> 00 | AM11: =_xlfn.XLOOKUP(F11,'Vic colour ref'!$A$2:$A$5,'Vic colour ref'!$D$2:$D$5,"") -> 00 | AN11: =_xlfn.XLOOKUP(G11,'Vic colour ref'!$A$2:$A$5,'Vic colour ref'!$D$2:$D$5,"") -> 11 | AO11: =_xlfn.XLOOKUP(H11,'Vic colour ref'!$A$2:$A$5,'Vic colour ref'!$D$2:$D$5,"") -> 11 | ... BM11: =_xlfn.XLOOKUP(AF11,'Vic colour ref'!$A$2:$A$5,'Vic colour ref'!$D$2:$D$5,"") -> 00 | BO11: =_xlfn.CONCAT(AH11:AK11) -> 11111100 | BP11: =_xlfn.CONCAT(AL11:AO11) -> 00001111 | BQ11: =_xlfn.CONCAT(AP11:AS11) -> 11111111 | BR11: =_xlfn.CONCAT(AT11:AW11) -> 00000011 | BS11: =_xlfn.CONCAT(AX11:BA11) -> 11110000 | BT11: =_xlfn.CONCAT(BB11:BE11) -> 00000000 | BU11: =_xlfn.CONCAT(BF11:BI11) -> 00000000 | BV11: =_xlfn.CONCAT(BJ11:BM11) -> 00000000 | BX11: =BIN2HEX(BO11,2) -> FC | BY11: =BIN2HEX(BP11,2) -> 0F | BZ11: =BIN2HEX(BQ11,2) -> FF | CA11: =BIN2HEX(BR11,2) -> 03 | CB11: =BIN2HEX(BS11,2) -> F0 | CC11: =BIN2HEX(BT11,2) -> 00 | CD11: =BIN2HEX(BU11,2) -> 00 | CE11: =BIN2HEX(BV11,2) -> 00 | CG11: {=TRANSPOSE(BZ9:BZ16)} -> FF | CH11: FF | CI11: FF | CJ11: FF | CK11: FF | CL11: FF | CM11: FF | CN11: FF | CP11: =LOWER("!byte $"&CG11&", $"&CH11&", $"&CI11&", $"&CJ11&", $"&CK11&", $"&CL11&", $"&CM11&", $"&CN11) -> !byte $ff, $ff, $ff, $ff, $ff, $ff, $ff, $ff
A12: 3 | B12: 3 | C12: 3 | D12: 0 | E12: 0 | F12: 0 | G12: 3 | H12: 3 | I12: 3 | J12: 3 | K12: 3 | L12: 3 | M12: 0 | N12: 0 | O12: 0 | P12: 3 | Q12: 3 | R12: 3 | S12: 0 | T12: 0 | U12: 0 | V12: 0 | W12: 0 | X12: 0 | Y12: 0 | Z12: 0 | AA12: 0 | AB12: 0 | AC12: 0 | AD12: 0 | AE12: 0 | AF12: 0 | AH12: =_xlfn.XLOOKUP(A12,'Vic colour ref'!$A$2:$A$5,'Vic colour ref'!$D$2:$D$5,"") -> 11 | AI12: =_xlfn.XLOOKUP(B12,'Vic colour ref'!$A$2:$A$5,'Vic colour ref'!$D$2:$D$5,"") -> 11 | AJ12: =_xlfn.XLOOKUP(C12,'Vic colour ref'!$A$2:$A$5,'Vic colour ref'!$D$2:$D$5,"") -> 11 | AK12: =_xlfn.XLOOKUP(D12,'Vic colour ref'!$A$2:$A$5,'Vic colour ref'!$D$2:$D$5,"") -> 00 | AL12: =_xlfn.XLOOKUP(E12,'Vic colour ref'!$A$2:$A$5,'Vic colour ref'!$D$2:$D$5,"") -> 00 | AM12: =_xlfn.XLOOKUP(F12,'Vic colour ref'!$A$2:$A$5,'Vic colour ref'!$D$2:$D$5,"") -> 00 | AN12: =_xlfn.XLOOKUP(G12,'Vic colour ref'!$A$2:$A$5,'Vic colour ref'!$D$2:$D$5,"") -> 11 | AO12: =_xlfn.XLOOKUP(H12,'Vic colour ref'!$A$2:$A$5,'Vic colour ref'!$D$2:$D$5,"") -> 11 | ... BM12: =_xlfn.XLOOKUP(AF12,'Vic colour ref'!$A$2:$A$5,'Vic colour ref'!$D$2:$D$5,"") -> 00 | BO12: =_xlfn.CONCAT(AH12:AK12) -> 11111100 | BP12: =_xlfn.CONCAT(AL12:AO12) -> 00001111 | BQ12: =_xlfn.CONCAT(AP12:AS12) -> 11111111 | BR12: =_xlfn.CONCAT(AT12:AW12) -> 00000011 | BS12: =_xlfn.CONCAT(AX12:BA12) -> 11110000 | BT12: =_xlfn.CONCAT(BB12:BE12) -> 00000000 | BU12: =_xlfn.CONCAT(BF12:BI12) -> 00000000 | BV12: =_xlfn.CONCAT(BJ12:BM12) -> 00000000 | BX12: =BIN2HEX(BO12,2) -> FC | BY12: =BIN2HEX(BP12,2) -> 0F | BZ12: =BIN2HEX(BQ12,2) -> FF | CA12: =BIN2HEX(BR12,2) -> 03 | CB12: =BIN2HEX(BS12,2) -> F0 | CC12: =BIN2HEX(BT12,2) -> 00 | CD12: =BIN2HEX(BU12,2) -> 00 | CE12: =BIN2HEX(BV12,2) -> 00 | CG12: {=TRANSPOSE(CA9:CA16)} -> 03 | CH12: 03 | CI12: 03 | CJ12: 03 | CK12: 03 | CL12: 03 | CM12: FC | CN12: FC | CP12: =LOWER("!byte $"&CG12&", $"&CH12&", $"&CI12&", $"&CJ12&", $"&CK12&", $"&CL12&", $"&CM12&", $"&CN12) -> !byte $03, $03, $03, $03, $03, $03, $fc, $fc
A13: 3 | B13: 3 | C13: 3 | D13: 0 | E13: 0 | F13: 0 | G13: 3 | H13: 3 | I13: 3 | J13: 3 | K13: 3 | L13: 3 | M13: 0 | N13: 0 | O13: 0 | P13: 3 | Q13: 3 | R13: 3 | S13: 0 | T13: 0 | U13: 0 | V13: 0 | W13: 0 | X13: 0 | Y13: 0 | Z13: 0 | AA13: 0 | AB13: 0 | AC13: 0 | AD13: 0 | AE13: 0 | AF13: 0 | AH13: =_xlfn.XLOOKUP(A13,'Vic colour ref'!$A$2:$A$5,'Vic colour ref'!$D$2:$D$5,"") -> 11 | AI13: =_xlfn.XLOOKUP(B13,'Vic colour ref'!$A$2:$A$5,'Vic colour ref'!$D$2:$D$5,"") -> 11 | AJ13: =_xlfn.XLOOKUP(C13,'Vic colour ref'!$A$2:$A$5,'Vic colour ref'!$D$2:$D$5,"") -> 11 | AK13: =_xlfn.XLOOKUP(D13,'Vic colour ref'!$A$2:$A$5,'Vic colour ref'!$D$2:$D$5,"") -> 00 | AL13: =_xlfn.XLOOKUP(E13,'Vic colour ref'!$A$2:$A$5,'Vic colour ref'!$D$2:$D$5,"") -> 00 | AM13: =_xlfn.XLOOKUP(F13,'Vic colour ref'!$A$2:$A$5,'Vic colour ref'!$D$2:$D$5,"") -> 00 | AN13: =_xlfn.XLOOKUP(G13,'Vic colour ref'!$A$2:$A$5,'Vic colour ref'!$D$2:$D$5,"") -> 11 | AO13: =_xlfn.XLOOKUP(H13,'Vic colour ref'!$A$2:$A$5,'Vic colour ref'!$D$2:$D$5,"") -> 11 | ... BM13: =_xlfn.XLOOKUP(AF13,'Vic colour ref'!$A$2:$A$5,'Vic colour ref'!$D$2:$D$5,"") -> 00 | BO13: =_xlfn.CONCAT(AH13:AK13) -> 11111100 | BP13: =_xlfn.CONCAT(AL13:AO13) -> 00001111 | BQ13: =_xlfn.CONCAT(AP13:AS13) -> 11111111 | BR13: =_xlfn.CONCAT(AT13:AW13) -> 00000011 | BS13: =_xlfn.CONCAT(AX13:BA13) -> 11110000 | BT13: =_xlfn.CONCAT(BB13:BE13) -> 00000000 | BU13: =_xlfn.CONCAT(BF13:BI13) -> 00000000 | BV13: =_xlfn.CONCAT(BJ13:BM13) -> 00000000 | BX13: =BIN2HEX(BO13,2) -> FC | BY13: =BIN2HEX(BP13,2) -> 0F | BZ13: =BIN2HEX(BQ13,2) -> FF | CA13: =BIN2HEX(BR13,2) -> 03 | CB13: =BIN2HEX(BS13,2) -> F0 | CC13: =BIN2HEX(BT13,2) -> 00 | CD13: =BIN2HEX(BU13,2) -> 00 | CE13: =BIN2HEX(BV13,2) -> 00 | CG13: {=TRANSPOSE(CB9:CB16)} -> F0 | CH13: F0 | CI13: F0 | CJ13: F0 | CK13: F0 | CL13: F0 | CM13: 00 | CN13: 00 | CP13: =LOWER("!byte $"&CG13&", $"&CH13&", $"&CI13&", $"&CJ13&", $"&CK13&", $"&CL13&", $"&CM13&", $"&CN13) -> !byte $f0, $f0, $f0, $f0, $f0, $f0, $00, $00
A14: 3 | B14: 3 | C14: 3 | D14: 0 | E14: 0 | F14: 0 | G14: 3 | H14: 3 | I14: 3 | J14: 3 | K14: 3 | L14: 3 | M14: 0 | N14: 0 | O14: 0 | P14: 3 | Q14: 3 | R14: 3 | S14: 0 | T14: 0 | U14: 0 | V14: 0 | W14: 0 | X14: 0 | Y14: 0 | Z14: 0 | AA14: 0 | AB14: 0 | AC14: 0 | AD14: 0 | AE14: 0 | AF14: 0 | AH14: =_xlfn.XLOOKUP(A14,'Vic colour ref'!$A$2:$A$5,'Vic colour ref'!$D$2:$D$5,"") -> 11 | AI14: =_xlfn.XLOOKUP(B14,'Vic colour ref'!$A$2:$A$5,'Vic colour ref'!$D$2:$D$5,"") -> 11 | AJ14: =_xlfn.XLOOKUP(C14,'Vic colour ref'!$A$2:$A$5,'Vic colour ref'!$D$2:$D$5,"") -> 11 | AK14: =_xlfn.XLOOKUP(D14,'Vic colour ref'!$A$2:$A$5,'Vic colour ref'!$D$2:$D$5,"") -> 00 | AL14: =_xlfn.XLOOKUP(E14,'Vic colour ref'!$A$2:$A$5,'Vic colour ref'!$D$2:$D$5,"") -> 00 | AM14: =_xlfn.XLOOKUP(F14,'Vic colour ref'!$A$2:$A$5,'Vic colour ref'!$D$2:$D$5,"") -> 00 | AN14: =_xlfn.XLOOKUP(G14,'Vic colour ref'!$A$2:$A$5,'Vic colour ref'!$D$2:$D$5,"") -> 11 | AO14: =_xlfn.XLOOKUP(H14,'Vic colour ref'!$A$2:$A$5,'Vic colour ref'!$D$2:$D$5,"") -> 11 | ... BM14: =_xlfn.XLOOKUP(AF14,'Vic colour ref'!$A$2:$A$5,'Vic colour ref'!$D$2:$D$5,"") -> 00 | BO14: =_xlfn.CONCAT(AH14:AK14) -> 11111100 | BP14: =_xlfn.CONCAT(AL14:AO14) -> 00001111 | BQ14: =_xlfn.CONCAT(AP14:AS14) -> 11111111 | BR14: =_xlfn.CONCAT(AT14:AW14) -> 00000011 | BS14: =_xlfn.CONCAT(AX14:BA14) -> 11110000 | BT14: =_xlfn.CONCAT(BB14:BE14) -> 00000000 | BU14: =_xlfn.CONCAT(BF14:BI14) -> 00000000 | BV14: =_xlfn.CONCAT(BJ14:BM14) -> 00000000 | BX14: =BIN2HEX(BO14,2) -> FC | BY14: =BIN2HEX(BP14,2) -> 0F | BZ14: =BIN2HEX(BQ14,2) -> FF | CA14: =BIN2HEX(BR14,2) -> 03 | CB14: =BIN2HEX(BS14,2) -> F0 | CC14: =BIN2HEX(BT14,2) -> 00 | CD14: =BIN2HEX(BU14,2) -> 00 | CE14: =BIN2HEX(BV14,2) -> 00 | CG14: {=TRANSPOSE(CC9:CC16)} -> 00 | CH14: 00 | CI14: 00 | CJ14: 00 | CK14: 00 | CL14: 00 | CM14: 00 | CN14: 00 | CP14: =LOWER("!byte $"&CG14&", $"&CH14&", $"&CI14&", $"&CJ14&", $"&CK14&", $"&CL14&", $"&CM14&", $"&CN14) -> !byte $00, $00, $00, $00, $00, $00, $00, $00
A15: 0 | B15: 0 | C15: 0 | D15: 3 | E15: 3 | F15: 3 | G15: 3 | H15: 3 | I15: 3 | J15: 3 | K15: 3 | L15: 3 | M15: 3 | N15: 3 | O15: 3 | P15: 0 | Q15: 0 | R15: 0 | S15: 0 | T15: 0 | U15: 0 | V15: 0 | W15: 0 | X15: 0 | Y15: 0 | Z15: 0 | AA15: 0 | AB15: 0 | AC15: 0 | AD15: 0 | AE15: 0 | AF15: 0 | AH15: =_xlfn.XLOOKUP(A15,'Vic colour ref'!$A$2:$A$5,'Vic colour ref'!$D$2:$D$5,"") -> 00 | AI15: =_xlfn.XLOOKUP(B15,'Vic colour ref'!$A$2:$A$5,'Vic colour ref'!$D$2:$D$5,"") -> 00 | AJ15: =_xlfn.XLOOKUP(C15,'Vic colour ref'!$A$2:$A$5,'Vic colour ref'!$D$2:$D$5,"") -> 00 | AK15: =_xlfn.XLOOKUP(D15,'Vic colour ref'!$A$2:$A$5,'Vic colour ref'!$D$2:$D$5,"") -> 11 | AL15: =_xlfn.XLOOKUP(E15,'Vic colour ref'!$A$2:$A$5,'Vic colour ref'!$D$2:$D$5,"") -> 11 | AM15: =_xlfn.XLOOKUP(F15,'Vic colour ref'!$A$2:$A$5,'Vic colour ref'!$D$2:$D$5,"") -> 11 | AN15: =_xlfn.XLOOKUP(G15,'Vic colour ref'!$A$2:$A$5,'Vic colour ref'!$D$2:$D$5,"") -> 11 | AO15: =_xlfn.XLOOKUP(H15,'Vic colour ref'!$A$2:$A$5,'Vic colour ref'!$D$2:$D$5,"") -> 11 | ... BM15: =_xlfn.XLOOKUP(AF15,'Vic colour ref'!$A$2:$A$5,'Vic colour ref'!$D$2:$D$5,"") -> 00 | BO15: =_xlfn.CONCAT(AH15:AK15) -> 00000011 | BP15: =_xlfn.CONCAT(AL15:AO15) -> 11111111 | BQ15: =_xlfn.CONCAT(AP15:AS15) -> 11111111 | BR15: =_xlfn.CONCAT(AT15:AW15) -> 11111100 | BS15: =_xlfn.CONCAT(AX15:BA15) -> 00000000 | BT15: =_xlfn.CONCAT(BB15:BE15) -> 00000000 | BU15: =_xlfn.CONCAT(BF15:BI15) -> 00000000 | BV15: =_xlfn.CONCAT(BJ15:BM15) -> 00000000 | BX15: =BIN2HEX(BO15,2) -> 03 | BY15: =BIN2HEX(BP15,2) -> FF | BZ15: =BIN2HEX(BQ15,2) -> FF | CA15: =BIN2HEX(BR15,2) -> FC | CB15: =BIN2HEX(BS15,2) -> 00 | CC15: =BIN2HEX(BT15,2) -> 00 | CD15: =BIN2HEX(BU15,2) -> 00 | CE15: =BIN2HEX(BV15,2) -> 00 | CG15: {=TRANSPOSE(CD9:CD16)} -> 00 | CH15: 00 | CI15: 00 | CJ15: 00 | CK15: 00 | CL15: 00 | CM15: 00 | CN15: 00 | CP15: =LOWER("!byte $"&CG15&", $"&CH15&", $"&CI15&", $"&CJ15&", $"&CK15&", $"&CL15&", $"&CM15&", $"&CN15) -> !byte $00, $00, $00, $00, $00, $00, $00, $00
A16: 0 | B16: 0 | C16: 0 | D16: 3 | E16: 3 | F16: 3 | G16: 3 | H16: 3 | I16: 3 | J16: 3 | K16: 3 | L16: 3 | M16: 3 | N16: 3 | O16: 3 | P16: 0 | Q16: 0 | R16: 0 | S16: 0 | T16: 0 | U16: 0 | V16: 0 | W16: 0 | X16: 0 | Y16: 0 | Z16: 0 | AA16: 0 | AB16: 0 | AC16: 0 | AD16: 0 | AE16: 0 | AF16: 0 | AH16: =_xlfn.XLOOKUP(A16,'Vic colour ref'!$A$2:$A$5,'Vic colour ref'!$D$2:$D$5,"") -> 00 | AI16: =_xlfn.XLOOKUP(B16,'Vic colour ref'!$A$2:$A$5,'Vic colour ref'!$D$2:$D$5,"") -> 00 | AJ16: =_xlfn.XLOOKUP(C16,'Vic colour ref'!$A$2:$A$5,'Vic colour ref'!$D$2:$D$5,"") -> 00 | AK16: =_xlfn.XLOOKUP(D16,'Vic colour ref'!$A$2:$A$5,'Vic colour ref'!$D$2:$D$5,"") -> 11 | AL16: =_xlfn.XLOOKUP(E16,'Vic colour ref'!$A$2:$A$5,'Vic colour ref'!$D$2:$D$5,"") -> 11 | AM16: =_xlfn.XLOOKUP(F16,'Vic colour ref'!$A$2:$A$5,'Vic colour ref'!$D$2:$D$5,"") -> 11 | AN16: =_xlfn.XLOOKUP(G16,'Vic colour ref'!$A$2:$A$5,'Vic colour ref'!$D$2:$D$5,"") -> 11 | AO16: =_xlfn.XLOOKUP(H16,'Vic colour ref'!$A$2:$A$5,'Vic colour ref'!$D$2:$D$5,"") -> 11 | ... BM16: =_xlfn.XLOOKUP(AF16,'Vic colour ref'!$A$2:$A$5,'Vic colour ref'!$D$2:$D$5,"") -> 00 | BO16: =_xlfn.CONCAT(AH16:AK16) -> 00000011 | BP16: =_xlfn.CONCAT(AL16:AO16) -> 11111111 | BQ16: =_xlfn.CONCAT(AP16:AS16) -> 11111111 | BR16: =_xlfn.CONCAT(AT16:AW16) -> 11111100 | BS16: =_xlfn.CONCAT(AX16:BA16) -> 00000000 | BT16: =_xlfn.CONCAT(BB16:BE16) -> 00000000 | BU16: =_xlfn.CONCAT(BF16:BI16) -> 00000000 | BV16: =_xlfn.CONCAT(BJ16:BM16) -> 00000000 | BX16: =BIN2HEX(BO16,2) -> 03 | BY16: =BIN2HEX(BP16,2) -> FF | BZ16: =BIN2HEX(BQ16,2) -> FF | CA16: =BIN2HEX(BR16,2) -> FC | CB16: =BIN2HEX(BS16,2) -> 00 | CC16: =BIN2HEX(BT16,2) -> 00 | CD16: =BIN2HEX(BU16,2) -> 00 | CE16: =BIN2HEX(BV16,2) -> 00 | CG16: {=TRANSPOSE(CE9:CE16)} -> 00 | CH16: 00 | CI16: 00 | CJ16: 00 | CK16: 00 | CL16: 00 | CM16: 00 | CN16: 00 | CP16: =LOWER("!byte $"&CG16&", $"&CH16&", $"&CI16&", $"&CJ16&", $"&CK16&", $"&CL16&", $"&CM16&", $"&CN16) -> !byte $00, $00, $00, $00, $00, $00, $00, $00
A17: 0 | B17: 0 | C17: 0 | D17: 3 | E17: 3 | F17: 3 | G17: 3 | H17: 3 | I17: 3 | J17: 3 | K17: 3 | L17: 3 | M17: 3 | N17: 3 | O17: 3 | P17: 0 | Q17: 0 | R17: 0 | S17: 0 | T17: 0 | U17: 0 | V17: 0 | W17: 0 | X17: 0 | Y17: 0 | Z17: 0 | AA17: 0 | AB17: 0 | AC17: 0 | AD17: 0 | AE17: 0 | AF17: 0 | AH17: =_xlfn.XLOOKUP(A17,'Vic colour ref'!$A$2:$A$5,'Vic colour ref'!$D$2:$D$5,"") -> 00 | AI17: =_xlfn.XLOOKUP(B17,'Vic colour ref'!$A$2:$A$5,'Vic colour ref'!$D$2:$D$5,"") -> 00 | AJ17: =_xlfn.XLOOKUP(C17,'Vic colour ref'!$A$2:$A$5,'Vic colour ref'!$D$2:$D$5,"") -> 00 | AK17: =_xlfn.XLOOKUP(D17,'Vic colour ref'!$A$2:$A$5,'Vic colour ref'!$D$2:$D$5,"") -> 11 | AL17: =_xlfn.XLOOKUP(E17,'Vic colour ref'!$A$2:$A$5,'Vic colour ref'!$D$2:$D$5,"") -> 11 | AM17: =_xlfn.XLOOKUP(F17,'Vic colour ref'!$A$2:$A$5,'Vic colour ref'!$D$2:$D$5,"") -> 11 | AN17: =_xlfn.XLOOKUP(G17,'Vic colour ref'!$A$2:$A$5,'Vic colour ref'!$D$2:$D$5,"") -> 11 | AO17: =_xlfn.XLOOKUP(H17,'Vic colour ref'!$A$2:$A$5,'Vic colour ref'!$D$2:$D$5,"") -> 11 | ... BM17: =_xlfn.XLOOKUP(AF17,'Vic colour ref'!$A$2:$A$5,'Vic colour ref'!$D$2:$D$5,"") -> 00 | BO17: =_xlfn.CONCAT(AH17:AK17) -> 00000011 | BP17: =_xlfn.CONCAT(AL17:AO17) -> 11111111 | BQ17: =_xlfn.CONCAT(AP17:AS17) -> 11111111 | BR17: =_xlfn.CONCAT(AT17:AW17) -> 11111100 | BS17: =_xlfn.CONCAT(AX17:BA17) -> 00000000 | BT17: =_xlfn.CONCAT(BB17:BE17) -> 00000000 | BU17: =_xlfn.CONCAT(BF17:BI17) -> 00000000 | BV17: =_xlfn.CONCAT(BJ17:BM17) -> 00000000 | BX17: =BIN2HEX(BO17,2) -> 03 | BY17: =BIN2HEX(BP17,2) -> FF | BZ17: =BIN2HEX(BQ17,2) -> FF | CA17: =BIN2HEX(BR17,2) -> FC | CB17: =BIN2HEX(BS17,2) -> 00 | CC17: =BIN2HEX(BT17,2) -> 00 | CD17: =BIN2HEX(BU17,2) -> 00 | CE17: =BIN2HEX(BV17,2) -> 00 | CG17: {=TRANSPOSE(BX17:BX24)} -> 03 | CH17: 00 | CI17: 00 | CJ17: 00 | CK17: 01 | CL17: 01 | CM17: 01 | CN17: 54 | CP17: =LOWER("!byte $"&CG17&", $"&CH17&", $"&CI17&", $"&CJ17&", $"&CK17&", $"&CL17&", $"&CM17&", $"&CN17) -> !byte $03, $00, $00, $00, $01, $01, $01, $54
A18: 0 | B18: 0 | C18: 0 | D18: 0 | E18: 0 | F18: 0 | G18: 3 | H18: 3 | I18: 3 | J18: 3 | K18: 3 | L18: 3 | M18: 0 | N18: 0 | O18: 0 | P18: 0 | Q18: 0 | R18: 0 | S18: 0 | T18: 0 | U18: 0 | V18: 0 | W18: 0 | X18: 0 | Y18: 0 | Z18: 0 | AA18: 0 | AB18: 0 | AC18: 0 | AD18: 0 | AE18: 0 | AF18: 0 | AH18: =_xlfn.XLOOKUP(A18,'Vic colour ref'!$A$2:$A$5,'Vic colour ref'!$D$2:$D$5,"") -> 00 | AI18: =_xlfn.XLOOKUP(B18,'Vic colour ref'!$A$2:$A$5,'Vic colour ref'!$D$2:$D$5,"") -> 00 | AJ18: =_xlfn.XLOOKUP(C18,'Vic colour ref'!$A$2:$A$5,'Vic colour ref'!$D$2:$D$5,"") -> 00 | AK18: =_xlfn.XLOOKUP(D18,'Vic colour ref'!$A$2:$A$5,'Vic colour ref'!$D$2:$D$5,"") -> 00 | AL18: =_xlfn.XLOOKUP(E18,'Vic colour ref'!$A$2:$A$5,'Vic colour ref'!$D$2:$D$5,"") -> 00 | AM18: =_xlfn.XLOOKUP(F18,'Vic colour ref'!$A$2:$A$5,'Vic colour ref'!$D$2:$D$5,"") -> 00 | AN18: =_xlfn.XLOOKUP(G18,'Vic colour ref'!$A$2:$A$5,'Vic colour ref'!$D$2:$D$5,"") -> 11 | AO18: =_xlfn.XLOOKUP(H18,'Vic colour ref'!$A$2:$A$5,'Vic colour ref'!$D$2:$D$5,"") -> 11 | ... BM18: =_xlfn.XLOOKUP(AF18,'Vic colour ref'!$A$2:$A$5,'Vic colour ref'!$D$2:$D$5,"") -> 00 | BO18: =_xlfn.CONCAT(AH18:AK18) -> 00000000 | BP18: =_xlfn.CONCAT(AL18:AO18) -> 00001111 | BQ18: =_xlfn.CONCAT(AP18:AS18) -> 11111111 | BR18: =_xlfn.CONCAT(AT18:AW18) -> 00000000 | BS18: =_xlfn.CONCAT(AX18:BA18) -> 00000000 | BT18: =_xlfn.CONCAT(BB18:BE18) -> 00000000 | BU18: =_xlfn.CONCAT(BF18:BI18) -> 00000000 | BV18: =_xlfn.CONCAT(BJ18:BM18) -> 00000000 | BX18: =BIN2HEX(BO18,2) -> 00 | BY18: =BIN2HEX(BP18,2) -> 0F | BZ18: =BIN2HEX(BQ18,2) -> FF | CA18: =BIN2HEX(BR18,2) -> 00 | CB18: =BIN2HEX(BS18,2) -> 00 | CC18: =BIN2HEX(BT18,2) -> 00 | CD18: =BIN2HEX(BU18,2) -> 00 | CE18: =BIN2HEX(BV18,2) -> 00 | CG18: {=TRANSPOSE(BY17:BY24)} -> FF | CH18: 0F | CI18: 0F | CJ18: 0F | CK18: 5A | CL18: 5A | CM18: 5A | CN18: 05 | CP18: =LOWER("!byte $"&CG18&", $"&CH18&", $"&CI18&", $"&CJ18&", $"&CK18&", $"&CL18&", $"&CM18&", $"&CN18) -> !byte $ff, $0f, $0f, $0f, $5a, $5a, $5a, $05
A19: 0 | B19: 0 | C19: 0 | D19: 0 | E19: 0 | F19: 0 | G19: 3 | H19: 3 | I19: 3 | J19: 3 | K19: 3 | L19: 3 | M19: 0 | N19: 0 | O19: 0 | P19: 0 | Q19: 0 | R19: 0 | S19: 0 | T19: 0 | U19: 0 | V19: 0 | W19: 0 | X19: 0 | Y19: 0 | Z19: 0 | AA19: 0 | AB19: 0 | AC19: 0 | AD19: 0 | AE19: 0 | AF19: 0 | AH19: =_xlfn.XLOOKUP(A19,'Vic colour ref'!$A$2:$A$5,'Vic colour ref'!$D$2:$D$5,"") -> 00 | AI19: =_xlfn.XLOOKUP(B19,'Vic colour ref'!$A$2:$A$5,'Vic colour ref'!$D$2:$D$5,"") -> 00 | AJ19: =_xlfn.XLOOKUP(C19,'Vic colour ref'!$A$2:$A$5,'Vic colour ref'!$D$2:$D$5,"") -> 00 | AK19: =_xlfn.XLOOKUP(D19,'Vic colour ref'!$A$2:$A$5,'Vic colour ref'!$D$2:$D$5,"") -> 00 | AL19: =_xlfn.XLOOKUP(E19,'Vic colour ref'!$A$2:$A$5,'Vic colour ref'!$D$2:$D$5,"") -> 00 | AM19: =_xlfn.XLOOKUP(F19,'Vic colour ref'!$A$2:$A$5,'Vic colour ref'!$D$2:$D$5,"") -> 00 | AN19: =_xlfn.XLOOKUP(G19,'Vic colour ref'!$A$2:$A$5,'Vic colour ref'!$D$2:$D$5,"") -> 11 | AO19: =_xlfn.XLOOKUP(H19,'Vic colour ref'!$A$2:$A$5,'Vic colour ref'!$D$2:$D$5,"") -> 11 | ... BM19: =_xlfn.XLOOKUP(AF19,'Vic colour ref'!$A$2:$A$5,'Vic colour ref'!$D$2:$D$5,"") -> 00 | BO19: =_xlfn.CONCAT(AH19:AK19) -> 00000000 | BP19: =_xlfn.CONCAT(AL19:AO19) -> 00001111 | BQ19: =_xlfn.CONCAT(AP19:AS19) -> 11111111 | BR19: =_xlfn.CONCAT(AT19:AW19) -> 00000000 | BS19: =_xlfn.CONCAT(AX19:BA19) -> 00000000 | BT19: =_xlfn.CONCAT(BB19:BE19) -> 00000000 | BU19: =_xlfn.CONCAT(BF19:BI19) -> 00000000 | BV19: =_xlfn.CONCAT(BJ19:BM19) -> 00000000 | BX19: =BIN2HEX(BO19,2) -> 00 | BY19: =BIN2HEX(BP19,2) -> 0F | BZ19: =BIN2HEX(BQ19,2) -> FF | CA19: =BIN2HEX(BR19,2) -> 00 | CB19: =BIN2HEX(BS19,2) -> 00 | CC19: =BIN2HEX(BT19,2) -> 00 | CD19: =BIN2HEX(BU19,2) -> 00 | CE19: =BIN2HEX(BV19,2) -> 00 | CG19: {=TRANSPOSE(BZ17:BZ24)} -> FF | CH19: FF | CI19: FF | CJ19: FF | CK19: AA | CL19: AA | CM19: AA | CN19: 55 | CP19: =LOWER("!byte $"&CG19&", $"&CH19&", $"&CI19&", $"&CJ19&", $"&CK19&", $"&CL19&", $"&CM19&", $"&CN19) -> !byte $ff, $ff, $ff, $ff, $aa, $aa, $aa, $55
A20: 0 | B20: 0 | C20: 0 | D20: 0 | E20: 0 | F20: 0 | G20: 3 | H20: 3 | I20: 3 | J20: 3 | K20: 3 | L20: 3 | M20: 0 | N20: 0 | O20: 0 | P20: 0 | Q20: 0 | R20: 0 | S20: 0 | T20: 0 | U20: 0 | V20: 0 | W20: 0 | X20: 0 | Y20: 0 | Z20: 0 | AA20: 0 | AB20: 0 | AC20: 0 | AD20: 0 | AE20: 0 | AF20: 0 | AH20: =_xlfn.XLOOKUP(A20,'Vic colour ref'!$A$2:$A$5,'Vic colour ref'!$D$2:$D$5,"") -> 00 | AI20: =_xlfn.XLOOKUP(B20,'Vic colour ref'!$A$2:$A$5,'Vic colour ref'!$D$2:$D$5,"") -> 00 | AJ20: =_xlfn.XLOOKUP(C20,'Vic colour ref'!$A$2:$A$5,'Vic colour ref'!$D$2:$D$5,"") -> 00 | AK20: =_xlfn.XLOOKUP(D20,'Vic colour ref'!$A$2:$A$5,'Vic colour ref'!$D$2:$D$5,"") -> 00 | AL20: =_xlfn.XLOOKUP(E20,'Vic colour ref'!$A$2:$A$5,'Vic colour ref'!$D$2:$D$5,"") -> 00 | AM20: =_xlfn.XLOOKUP(F20,'Vic colour ref'!$A$2:$A$5,'Vic colour ref'!$D$2:$D$5,"") -> 00 | AN20: =_xlfn.XLOOKUP(G20,'Vic colour ref'!$A$2:$A$5,'Vic colour ref'!$D$2:$D$5,"") -> 11 | AO20: =_xlfn.XLOOKUP(H20,'Vic colour ref'!$A$2:$A$5,'Vic colour ref'!$D$2:$D$5,"") -> 11 | ... BM20: =_xlfn.XLOOKUP(AF20,'Vic colour ref'!$A$2:$A$5,'Vic colour ref'!$D$2:$D$5,"") -> 00 | BO20: =_xlfn.CONCAT(AH20:AK20) -> 00000000 | BP20: =_xlfn.CONCAT(AL20:AO20) -> 00001111 | BQ20: =_xlfn.CONCAT(AP20:AS20) -> 11111111 | BR20: =_xlfn.CONCAT(AT20:AW20) -> 00000000 | BS20: =_xlfn.CONCAT(AX20:BA20) -> 00000000 | BT20: =_xlfn.CONCAT(BB20:BE20) -> 00000000 | BU20: =_xlfn.CONCAT(BF20:BI20) -> 00000000 | BV20: =_xlfn.CONCAT(BJ20:BM20) -> 00000000 | BX20: =BIN2HEX(BO20,2) -> 00 | BY20: =BIN2HEX(BP20,2) -> 0F | BZ20: =BIN2HEX(BQ20,2) -> FF | CA20: =BIN2HEX(BR20,2) -> 00 | CB20: =BIN2HEX(BS20,2) -> 00 | CC20: =BIN2HEX(BT20,2) -> 00 | CD20: =BIN2HEX(BU20,2) -> 00 | CE20: =BIN2HEX(BV20,2) -> 00 | CG20: {=TRANSPOSE(CA17:CA24)} -> FC | CH20: 00 | CI20: 00 | CJ20: 00 | CK20: 54 | CL20: 54 | CM20: 54 | CN20: 01 | CP20: =LOWER("!byte $"&CG20&", $"&CH20&", $"&CI20&", $"&CJ20&", $"&CK20&", $"&CL20&", $"&CM20&", $"&CN20) -> !byte $fc, $00, $00, $00, $54, $54, $54, $01
A21: 0 | B21: 0 | C21: 0 | D21: 1 | E21: 1 | F21: 1 | G21: 2 | H21: 2 | I21: 2 | J21: 2 | K21: 2 | L21: 2 | M21: 1 | N21: 1 | O21: 1 | P21: 0 | Q21: 0 | R21: 0 | S21: 0 | T21: 0 | U21: 0 | V21: 0 | W21: 0 | X21: 0 | Y21: 3 | Z21: 3 | AA21: 0 | AB21: 0 | AC21: 0 | AD21: 0 | AE21: 0 | AF21: 0 | AH21: =_xlfn.XLOOKUP(A21,'Vic colour ref'!$A$2:$A$5,'Vic colour ref'!$D$2:$D$5,"") -> 00 | AI21: =_xlfn.XLOOKUP(B21,'Vic colour ref'!$A$2:$A$5,'Vic colour ref'!$D$2:$D$5,"") -> 00 | AJ21: =_xlfn.XLOOKUP(C21,'Vic colour ref'!$A$2:$A$5,'Vic colour ref'!$D$2:$D$5,"") -> 00 | AK21: =_xlfn.XLOOKUP(D21,'Vic colour ref'!$A$2:$A$5,'Vic colour ref'!$D$2:$D$5,"") -> 01 | AL21: =_xlfn.XLOOKUP(E21,'Vic colour ref'!$A$2:$A$5,'Vic colour ref'!$D$2:$D$5,"") -> 01 | AM21: =_xlfn.XLOOKUP(F21,'Vic colour ref'!$A$2:$A$5,'Vic colour ref'!$D$2:$D$5,"") -> 01 | AN21: =_xlfn.XLOOKUP(G21,'Vic colour ref'!$A$2:$A$5,'Vic colour ref'!$D$2:$D$5,"") -> 10 | AO21: =_xlfn.XLOOKUP(H21,'Vic colour ref'!$A$2:$A$5,'Vic colour ref'!$D$2:$D$5,"") -> 10 | ... BM21: =_xlfn.XLOOKUP(AF21,'Vic colour ref'!$A$2:$A$5,'Vic colour ref'!$D$2:$D$5,"") -> 00 | BO21: =_xlfn.CONCAT(AH21:AK21) -> 00000001 | BP21: =_xlfn.CONCAT(AL21:AO21) -> 01011010 | BQ21: =_xlfn.CONCAT(AP21:AS21) -> 10101010 | BR21: =_xlfn.CONCAT(AT21:AW21) -> 01010100 | BS21: =_xlfn.CONCAT(AX21:BA21) -> 00000000 | BT21: =_xlfn.CONCAT(BB21:BE21) -> 00000000 | BU21: =_xlfn.CONCAT(BF21:BI21) -> 11110000 | BV21: =_xlfn.CONCAT(BJ21:BM21) -> 00000000 | BX21: =BIN2HEX(BO21,2) -> 01 | BY21: =BIN2HEX(BP21,2) -> 5A | BZ21: =BIN2HEX(BQ21,2) -> AA | CA21: =BIN2HEX(BR21,2) -> 54 | CB21: =BIN2HEX(BS21,2) -> 00 | CC21: =BIN2HEX(BT21,2) -> 00 | CD21: =BIN2HEX(BU21,2) -> F0 | CE21: =BIN2HEX(BV21,2) -> 00 | CG21: {=TRANSPOSE(CB17:CB24)} -> 00 | CH21: 00 | CI21: 00 | CJ21: 00 | CK21: 00 | CL21: 00 | CM21: 00 | CN21: 50 | CP21: =LOWER("!byte $"&CG21&", $"&CH21&", $"&CI21&", $"&CJ21&", $"&CK21&", $"&CL21&", $"&CM21&", $"&CN21) -> !byte $00, $00, $00, $00, $00, $00, $00, $50
A22: 0 | B22: 0 | C22: 0 | D22: 1 | E22: 1 | F22: 1 | G22: 2 | H22: 2 | I22: 2 | J22: 2 | K22: 2 | L22: 2 | M22: 1 | N22: 1 | O22: 1 | P22: 0 | Q22: 0 | R22: 0 | S22: 0 | T22: 0 | U22: 0 | V22: 0 | W22: 0 | X22: 0 | Y22: 3 | Z22: 3 | AA22: 0 | AB22: 0 | AC22: 0 | AD22: 0 | AE22: 0 | AF22: 0 | AH22: =_xlfn.XLOOKUP(A22,'Vic colour ref'!$A$2:$A$5,'Vic colour ref'!$D$2:$D$5,"") -> 00 | AI22: =_xlfn.XLOOKUP(B22,'Vic colour ref'!$A$2:$A$5,'Vic colour ref'!$D$2:$D$5,"") -> 00 | AJ22: =_xlfn.XLOOKUP(C22,'Vic colour ref'!$A$2:$A$5,'Vic colour ref'!$D$2:$D$5,"") -> 00 | AK22: =_xlfn.XLOOKUP(D22,'Vic colour ref'!$A$2:$A$5,'Vic colour ref'!$D$2:$D$5,"") -> 01 | AL22: =_xlfn.XLOOKUP(E22,'Vic colour ref'!$A$2:$A$5,'Vic colour ref'!$D$2:$D$5,"") -> 01 | AM22: =_xlfn.XLOOKUP(F22,'Vic colour ref'!$A$2:$A$5,'Vic colour ref'!$D$2:$D$5,"") -> 01 | AN22: =_xlfn.XLOOKUP(G22,'Vic colour ref'!$A$2:$A$5,'Vic colour ref'!$D$2:$D$5,"") -> 10 | AO22: =_xlfn.XLOOKUP(H22,'Vic colour ref'!$A$2:$A$5,'Vic colour ref'!$D$2:$D$5,"") -> 10 | ... BM22: =_xlfn.XLOOKUP(AF22,'Vic colour ref'!$A$2:$A$5,'Vic colour ref'!$D$2:$D$5,"") -> 00 | BO22: =_xlfn.CONCAT(AH22:AK22) -> 00000001 | BP22: =_xlfn.CONCAT(AL22:AO22) -> 01011010 | BQ22: =_xlfn.CONCAT(AP22:AS22) -> 10101010 | BR22: =_xlfn.CONCAT(AT22:AW22) -> 01010100 | BS22: =_xlfn.CONCAT(AX22:BA22) -> 00000000 | BT22: =_xlfn.CONCAT(BB22:BE22) -> 00000000 | BU22: =_xlfn.CONCAT(BF22:BI22) -> 11110000 | BV22: =_xlfn.CONCAT(BJ22:BM22) -> 00000000 | BX22: =BIN2HEX(BO22,2) -> 01 | BY22: =BIN2HEX(BP22,2) -> 5A | BZ22: =BIN2HEX(BQ22,2) -> AA | CA22: =BIN2HEX(BR22,2) -> 54 | CB22: =BIN2HEX(BS22,2) -> 00 | CC22: =BIN2HEX(BT22,2) -> 00 | CD22: =BIN2HEX(BU22,2) -> F0 | CE22: =BIN2HEX(BV22,2) -> 00 | CG22: {=TRANSPOSE(CC17:CC24)} -> 00 | CH22: 00 | CI22: 00 | CJ22: 00 | CK22: 00 | CL22: 00 | CM22: 00 | CN22: 00 | CP22: =LOWER("!byte $"&CG22&", $"&CH22&", $"&CI22&", $"&CJ22&", $"&CK22&", $"&CL22&", $"&CM22&", $"&CN22) -> !byte $00, $00, $00, $00, $00, $00, $00, $00
A23: 0 | B23: 0 | C23: 0 | D23: 1 | E23: 1 | F23: 1 | G23: 2 | H23: 2 | I23: 2 | J23: 2 | K23: 2 | L23: 2 | M23: 1 | N23: 1 | O23: 1 | P23: 0 | Q23: 0 | R23: 0 | S23: 0 | T23: 0 | U23: 0 | V23: 0 | W23: 0 | X23: 0 | Y23: 3 | Z23: 3 | AA23: 0 | AB23: 0 | AC23: 0 | AD23: 0 | AE23: 0 | AF23: 0 | AH23: =_xlfn.XLOOKUP(A23,'Vic colour ref'!$A$2:$A$5,'Vic colour ref'!$D$2:$D$5,"") -> 00 | AI23: =_xlfn.XLOOKUP(B23,'Vic colour ref'!$A$2:$A$5,'Vic colour ref'!$D$2:$D$5,"") -> 00 | AJ23: =_xlfn.XLOOKUP(C23,'Vic colour ref'!$A$2:$A$5,'Vic colour ref'!$D$2:$D$5,"") -> 00 | AK23: =_xlfn.XLOOKUP(D23,'Vic colour ref'!$A$2:$A$5,'Vic colour ref'!$D$2:$D$5,"") -> 01 | AL23: =_xlfn.XLOOKUP(E23,'Vic colour ref'!$A$2:$A$5,'Vic colour ref'!$D$2:$D$5,"") -> 01 | AM23: =_xlfn.XLOOKUP(F23,'Vic colour ref'!$A$2:$A$5,'Vic colour ref'!$D$2:$D$5,"") -> 01 | AN23: =_xlfn.XLOOKUP(G23,'Vic colour ref'!$A$2:$A$5,'Vic colour ref'!$D$2:$D$5,"") -> 10 | AO23: =_xlfn.XLOOKUP(H23,'Vic colour ref'!$A$2:$A$5,'Vic colour ref'!$D$2:$D$5,"") -> 10 | ... BM23: =_xlfn.XLOOKUP(AF23,'Vic colour ref'!$A$2:$A$5,'Vic colour ref'!$D$2:$D$5,"") -> 00 | BO23: =_xlfn.CONCAT(AH23:AK23) -> 00000001 | BP23: =_xlfn.CONCAT(AL23:AO23) -> 01011010 | BQ23: =_xlfn.CONCAT(AP23:AS23) -> 10101010 | BR23: =_xlfn.CONCAT(AT23:AW23) -> 01010100 | BS23: =_xlfn.CONCAT(AX23:BA23) -> 00000000 | BT23: =_xlfn.CONCAT(BB23:BE23) -> 00000000 | BU23: =_xlfn.CONCAT(BF23:BI23) -> 11110000 | BV23: =_xlfn.CONCAT(BJ23:BM23) -> 00000000 | BX23: =BIN2HEX(BO23,2) -> 01 | BY23: =BIN2HEX(BP23,2) -> 5A | BZ23: =BIN2HEX(BQ23,2) -> AA | CA23: =BIN2HEX(BR23,2) -> 54 | CB23: =BIN2HEX(BS23,2) -> 00 | CC23: =BIN2HEX(BT23,2) -> 00 | CD23: =BIN2HEX(BU23,2) -> F0 | CE23: =BIN2HEX(BV23,2) -> 00 | CG23: {=TRANSPOSE(CD17:CD24)} -> 00 | CH23: 00 | CI23: 00 | CJ23: 00 | CK23: F0 | CL23: F0 | CM23: F0 | CN23: F0 | CP23: =LOWER("!byte $"&CG23&", $"&CH23&", $"&CI23&", $"&CJ23&", $"&CK23&", $"&CL23&", $"&CM23&", $"&CN23) -> !byte $00, $00, $00, $00, $f0, $f0, $f0, $f0
A24: 1 | B24: 1 | C24: 1 | D24: 0 | E24: 0 | F24: 0 | G24: 1 | H24: 1 | I24: 1 | J24: 1 | K24: 1 | L24: 1 | M24: 0 | N24: 0 | O24: 0 | P24: 1 | Q24: 1 | R24: 1 | S24: 0 | T24: 0 | U24: 0 | V24: 0 | W24: 0 | X24: 0 | Y24: 3 | Z24: 3 | AA24: 0 | AB24: 0 | AC24: 0 | AD24: 0 | AE24: 0 | AF24: 0 | AH24: =_xlfn.XLOOKUP(A24,'Vic colour ref'!$A$2:$A$5,'Vic colour ref'!$D$2:$D$5,"") -> 01 | AI24: =_xlfn.XLOOKUP(B24,'Vic colour ref'!$A$2:$A$5,'Vic colour ref'!$D$2:$D$5,"") -> 01 | AJ24: =_xlfn.XLOOKUP(C24,'Vic colour ref'!$A$2:$A$5,'Vic colour ref'!$D$2:$D$5,"") -> 01 | AK24: =_xlfn.XLOOKUP(D24,'Vic colour ref'!$A$2:$A$5,'Vic colour ref'!$D$2:$D$5,"") -> 00 | AL24: =_xlfn.XLOOKUP(E24,'Vic colour ref'!$A$2:$A$5,'Vic colour ref'!$D$2:$D$5,"") -> 00 | AM24: =_xlfn.XLOOKUP(F24,'Vic colour ref'!$A$2:$A$5,'Vic colour ref'!$D$2:$D$5,"") -> 00 | AN24: =_xlfn.XLOOKUP(G24,'Vic colour ref'!$A$2:$A$5,'Vic colour ref'!$D$2:$D$5,"") -> 01 | AO24: =_xlfn.XLOOKUP(H24,'Vic colour ref'!$A$2:$A$5,'Vic colour ref'!$D$2:$D$5,"") -> 01 | ... BM24: =_xlfn.XLOOKUP(AF24,'Vic colour ref'!$A$2:$A$5,'Vic colour ref'!$D$2:$D$5,"") -> 00 | BO24: =_xlfn.CONCAT(AH24:AK24) -> 01010100 | BP24: =_xlfn.CONCAT(AL24:AO24) -> 00000101 | BQ24: =_xlfn.CONCAT(AP24:AS24) -> 01010101 | BR24: =_xlfn.CONCAT(AT24:AW24) -> 00000001 | BS24: =_xlfn.CONCAT(AX24:BA24) -> 01010000 | BT24: =_xlfn.CONCAT(BB24:BE24) -> 00000000 | BU24: =_xlfn.CONCAT(BF24:BI24) -> 11110000 | BV24: =_xlfn.CONCAT(BJ24:BM24) -> 00000000 | BX24: =BIN2HEX(BO24,2) -> 54 | BY24: =BIN2HEX(BP24,2) -> 05 | BZ24: =BIN2HEX(BQ24,2) -> 55 | CA24: =BIN2HEX(BR24,2) -> 01 | CB24: =BIN2HEX(BS24,2) -> 50 | CC24: =BIN2HEX(BT24,2) -> 00 | CD24: =BIN2HEX(BU24,2) -> F0 | CE24: =BIN2HEX(BV24,2) -> 00 | CG24: {=TRANSPOSE(CE17:CE24)} -> 00 | CH24: 00 | CI24: 00 | CJ24: 00 | CK24: 00 | CL24: 00 | CM24: 00 | CN24: 00 | CP24: =LOWER("!byte $"&CG24&", $"&CH24&", $"&CI24&", $"&CJ24&", $"&CK24&", $"&CL24&", $"&CM24&", $"&CN24) -> !byte $00, $00, $00, $00, $00, $00, $00, $00
A25: 1 | B25: 1 | C25: 1 | D25: 0 | E25: 0 | F25: 0 | G25: 1 | H25: 1 | I25: 1 | J25: 1 | K25: 1 | L25: 1 | M25: 0 | N25: 0 | O25: 0 | P25: 1 | Q25: 1 | R25: 1 | S25: 0 | T25: 0 | U25: 0 | V25: 0 | W25: 3 | X25: 3 | Y25: 2 | Z25: 2 | AA25: 3 | AB25: 3 | AC25: 0 | AD25: 0 | AE25: 0 | AF25: 0 | AH25: =_xlfn.XLOOKUP(A25,'Vic colour ref'!$A$2:$A$5,'Vic colour ref'!$D$2:$D$5,"") -> 01 | AI25: =_xlfn.XLOOKUP(B25,'Vic colour ref'!$A$2:$A$5,'Vic colour ref'!$D$2:$D$5,"") -> 01 | AJ25: =_xlfn.XLOOKUP(C25,'Vic colour ref'!$A$2:$A$5,'Vic colour ref'!$D$2:$D$5,"") -> 01 | AK25: =_xlfn.XLOOKUP(D25,'Vic colour ref'!$A$2:$A$5,'Vic colour ref'!$D$2:$D$5,"") -> 00 | AL25: =_xlfn.XLOOKUP(E25,'Vic colour ref'!$A$2:$A$5,'Vic colour ref'!$D$2:$D$5,"") -> 00 | AM25: =_xlfn.XLOOKUP(F25,'Vic colour ref'!$A$2:$A$5,'Vic colour ref'!$D$2:$D$5,"") -> 00 | AN25: =_xlfn.XLOOKUP(G25,'Vic colour ref'!$A$2:$A$5,'Vic colour ref'!$D$2:$D$5,"") -> 01 | AO25: =_xlfn.XLOOKUP(H25,'Vic colour ref'!$A$2:$A$5,'Vic colour ref'!$D$2:$D$5,"") -> 01 | ... BM25: =_xlfn.XLOOKUP(AF25,'Vic colour ref'!$A$2:$A$5,'Vic colour ref'!$D$2:$D$5,"") -> 00 | BO25: =_xlfn.CONCAT(AH25:AK25) -> 01010100 | BP25: =_xlfn.CONCAT(AL25:AO25) -> 00000101 | BQ25: =_xlfn.CONCAT(AP25:AS25) -> 01010101 | BR25: =_xlfn.CONCAT(AT25:AW25) -> 00000001 | BS25: =_xlfn.CONCAT(AX25:BA25) -> 01010000 | BT25: =_xlfn.CONCAT(BB25:BE25) -> 00001111 | BU25: =_xlfn.CONCAT(BF25:BI25) -> 10101111 | BV25: =_xlfn.CONCAT(BJ25:BM25) -> 00000000 | BX25: =BIN2HEX(BO25,2) -> 54 | BY25: =BIN2HEX(BP25,2) -> 05 | BZ25: =BIN2HEX(BQ25,2) -> 55 | CA25: =BIN2HEX(BR25,2) -> 01 | CB25: =BIN2HEX(BS25,2) -> 50 | CC25: =BIN2HEX(BT25,2) -> 0F | CD25: =BIN2HEX(BU25,2) -> AF | CE25: =BIN2HEX(BV25,2) -> 00 | CG25: {=TRANSPOSE(BX25:BX32)} -> 54 | CH25: 54 | CI25: 54 | CJ25: 54 | CK25: 54 | CL25: 00 | CM25: 00 | CN25: 00 | CP25: =LOWER("!byte $"&CG25&", $"&CH25&", $"&CI25&", $"&CJ25&", $"&CK25&", $"&CL25&", $"&CM25&", $"&CN25) -> !byte $54, $54, $54, $54, $54, $00, $00, $00
A26: 1 | B26: 1 | C26: 1 | D26: 0 | E26: 0 | F26: 0 | G26: 1 | H26: 1 | I26: 1 | J26: 1 | K26: 1 | L26: 1 | M26: 0 | N26: 0 | O26: 0 | P26: 1 | Q26: 1 | R26: 1 | S26: 0 | T26: 0 | U26: 0 | V26: 0 | W26: 3 | X26: 3 | Y26: 2 | Z26: 2 | AA26: 3 | AB26: 3 | AC26: 0 | AD26: 0 | AE26: 0 | AF26: 0 | AH26: =_xlfn.XLOOKUP(A26,'Vic colour ref'!$A$2:$A$5,'Vic colour ref'!$D$2:$D$5,"") -> 01 | AI26: =_xlfn.XLOOKUP(B26,'Vic colour ref'!$A$2:$A$5,'Vic colour ref'!$D$2:$D$5,"") -> 01 | AJ26: =_xlfn.XLOOKUP(C26,'Vic colour ref'!$A$2:$A$5,'Vic colour ref'!$D$2:$D$5,"") -> 01 | AK26: =_xlfn.XLOOKUP(D26,'Vic colour ref'!$A$2:$A$5,'Vic colour ref'!$D$2:$D$5,"") -> 00 | AL26: =_xlfn.XLOOKUP(E26,'Vic colour ref'!$A$2:$A$5,'Vic colour ref'!$D$2:$D$5,"") -> 00 | AM26: =_xlfn.XLOOKUP(F26,'Vic colour ref'!$A$2:$A$5,'Vic colour ref'!$D$2:$D$5,"") -> 00 | AN26: =_xlfn.XLOOKUP(G26,'Vic colour ref'!$A$2:$A$5,'Vic colour ref'!$D$2:$D$5,"") -> 01 | AO26: =_xlfn.XLOOKUP(H26,'Vic colour ref'!$A$2:$A$5,'Vic colour ref'!$D$2:$D$5,"") -> 01 | ... BM26: =_xlfn.XLOOKUP(AF26,'Vic colour ref'!$A$2:$A$5,'Vic colour ref'!$D$2:$D$5,"") -> 00 | BO26: =_xlfn.CONCAT(AH26:AK26) -> 01010100 | BP26: =_xlfn.CONCAT(AL26:AO26) -> 00000101 | BQ26: =_xlfn.CONCAT(AP26:AS26) -> 01010101 | BR26: =_xlfn.CONCAT(AT26:AW26) -> 00000001 | BS26: =_xlfn.CONCAT(AX26:BA26) -> 01010000 | BT26: =_xlfn.CONCAT(BB26:BE26) -> 00001111 | BU26: =_xlfn.CONCAT(BF26:BI26) -> 10101111 | BV26: =_xlfn.CONCAT(BJ26:BM26) -> 00000000 | BX26: =BIN2HEX(BO26,2) -> 54 | BY26: =BIN2HEX(BP26,2) -> 05 | BZ26: =BIN2HEX(BQ26,2) -> 55 | CA26: =BIN2HEX(BR26,2) -> 01 | CB26: =BIN2HEX(BS26,2) -> 50 | CC26: =BIN2HEX(BT26,2) -> 0F | CD26: =BIN2HEX(BU26,2) -> AF | CE26: =BIN2HEX(BV26,2) -> 00 | CG26: {=TRANSPOSE(BY25:BY32)} -> 05 | CH26: 05 | CI26: 0A | CJ26: 0A | CK26: 0A | CL26: 05 | CM26: 05 | CN26: 05 | CP26: =LOWER("!byte $"&CG26&", $"&CH26&", $"&CI26&", $"&CJ26&", $"&CK26&", $"&CL26&", $"&CM26&", $"&CN26) -> !byte $05, $05, $0a, $0a, $0a, $05, $05, $05
A27: 1 | B27: 1 | C27: 1 | D27: 0 | E27: 0 | F27: 0 | G27: 2 | H27: 2 | I27: 2 | J27: 2 | K27: 2 | L27: 2 | M27: 0 | N27: 0 | O27: 0 | P27: 1 | Q27: 1 | R27: 1 | S27: 0 | T27: 0 | U27: 0 | V27: 0 | W27: 3 | X27: 3 | Y27: 3 | Z27: 3 | AA27: 2 | AB27: 2 | AC27: 0 | AD27: 0 | AE27: 0 | AF27: 0 | AH27: =_xlfn.XLOOKUP(A27,'Vic colour ref'!$A$2:$A$5,'Vic colour ref'!$D$2:$D$5,"") -> 01 | AI27: =_xlfn.XLOOKUP(B27,'Vic colour ref'!$A$2:$A$5,'Vic colour ref'!$D$2:$D$5,"") -> 01 | AJ27: =_xlfn.XLOOKUP(C27,'Vic colour ref'!$A$2:$A$5,'Vic colour ref'!$D$2:$D$5,"") -> 01 | AK27: =_xlfn.XLOOKUP(D27,'Vic colour ref'!$A$2:$A$5,'Vic colour ref'!$D$2:$D$5,"") -> 00 | AL27: =_xlfn.XLOOKUP(E27,'Vic colour ref'!$A$2:$A$5,'Vic colour ref'!$D$2:$D$5,"") -> 00 | AM27: =_xlfn.XLOOKUP(F27,'Vic colour ref'!$A$2:$A$5,'Vic colour ref'!$D$2:$D$5,"") -> 00 | AN27: =_xlfn.XLOOKUP(G27,'Vic colour ref'!$A$2:$A$5,'Vic colour ref'!$D$2:$D$5,"") -> 10 | AO27: =_xlfn.XLOOKUP(H27,'Vic colour ref'!$A$2:$A$5,'Vic colour ref'!$D$2:$D$5,"") -> 10 | ... BM27: =_xlfn.XLOOKUP(AF27,'Vic colour ref'!$A$2:$A$5,'Vic colour ref'!$D$2:$D$5,"") -> 00 | BO27: =_xlfn.CONCAT(AH27:AK27) -> 01010100 | BP27: =_xlfn.CONCAT(AL27:AO27) -> 00001010 | BQ27: =_xlfn.CONCAT(AP27:AS27) -> 10101010 | BR27: =_xlfn.CONCAT(AT27:AW27) -> 00000001 | BS27: =_xlfn.CONCAT(AX27:BA27) -> 01010000 | BT27: =_xlfn.CONCAT(BB27:BE27) -> 00001111 | BU27: =_xlfn.CONCAT(BF27:BI27) -> 11111010 | BV27: =_xlfn.CONCAT(BJ27:BM27) -> 00000000 | BX27: =BIN2HEX(BO27,2) -> 54 | BY27: =BIN2HEX(BP27,2) -> 0A | BZ27: =BIN2HEX(BQ27,2) -> AA | CA27: =BIN2HEX(BR27,2) -> 01 | CB27: =BIN2HEX(BS27,2) -> 50 | CC27: =BIN2HEX(BT27,2) -> 0F | CD27: =BIN2HEX(BU27,2) -> FA | CE27: =BIN2HEX(BV27,2) -> 00 | CG27: {=TRANSPOSE(BZ25:BZ32)} -> 55 | CH27: 55 | CI27: AA | CJ27: AA | CK27: AA | CL27: 55 | CM27: 55 | CN27: 55 | CP27: =LOWER("!byte $"&CG27&", $"&CH27&", $"&CI27&", $"&CJ27&", $"&CK27&", $"&CL27&", $"&CM27&", $"&CN27) -> !byte $55, $55, $aa, $aa, $aa, $55, $55, $55
A28: 1 | B28: 1 | C28: 1 | D28: 0 | E28: 0 | F28: 0 | G28: 2 | H28: 2 | I28: 2 | J28: 2 | K28: 2 | L28: 2 | M28: 0 | N28: 0 | O28: 0 | P28: 1 | Q28: 1 | R28: 1 | S28: 0 | T28: 0 | U28: 0 | V28: 0 | W28: 3 | X28: 3 | Y28: 3 | Z28: 3 | AA28: 2 | AB28: 2 | AC28: 0 | AD28: 0 | AE28: 0 | AF28: 0 | AH28: =_xlfn.XLOOKUP(A28,'Vic colour ref'!$A$2:$A$5,'Vic colour ref'!$D$2:$D$5,"") -> 01 | AI28: =_xlfn.XLOOKUP(B28,'Vic colour ref'!$A$2:$A$5,'Vic colour ref'!$D$2:$D$5,"") -> 01 | AJ28: =_xlfn.XLOOKUP(C28,'Vic colour ref'!$A$2:$A$5,'Vic colour ref'!$D$2:$D$5,"") -> 01 | AK28: =_xlfn.XLOOKUP(D28,'Vic colour ref'!$A$2:$A$5,'Vic colour ref'!$D$2:$D$5,"") -> 00 | AL28: =_xlfn.XLOOKUP(E28,'Vic colour ref'!$A$2:$A$5,'Vic colour ref'!$D$2:$D$5,"") -> 00 | AM28: =_xlfn.XLOOKUP(F28,'Vic colour ref'!$A$2:$A$5,'Vic colour ref'!$D$2:$D$5,"") -> 00 | AN28: =_xlfn.XLOOKUP(G28,'Vic colour ref'!$A$2:$A$5,'Vic colour ref'!$D$2:$D$5,"") -> 10 | AO28: =_xlfn.XLOOKUP(H28,'Vic colour ref'!$A$2:$A$5,'Vic colour ref'!$D$2:$D$5,"") -> 10 | ... BM28: =_xlfn.XLOOKUP(AF28,'Vic colour ref'!$A$2:$A$5,'Vic colour ref'!$D$2:$D$5,"") -> 00 | BO28: =_xlfn.CONCAT(AH28:AK28) -> 01010100 | BP28: =_xlfn.CONCAT(AL28:AO28) -> 00001010 | BQ28: =_xlfn.CONCAT(AP28:AS28) -> 10101010 | BR28: =_xlfn.CONCAT(AT28:AW28) -> 00000001 | BS28: =_xlfn.CONCAT(AX28:BA28) -> 01010000 | BT28: =_xlfn.CONCAT(BB28:BE28) -> 00001111 | BU28: =_xlfn.CONCAT(BF28:BI28) -> 11111010 | BV28: =_xlfn.CONCAT(BJ28:BM28) -> 00000000 | BX28: =BIN2HEX(BO28,2) -> 54 | BY28: =BIN2HEX(BP28,2) -> 0A | BZ28: =BIN2HEX(BQ28,2) -> AA | CA28: =BIN2HEX(BR28,2) -> 01 | CB28: =BIN2HEX(BS28,2) -> 50 | CC28: =BIN2HEX(BT28,2) -> 0F | CD28: =BIN2HEX(BU28,2) -> FA | CE28: =BIN2HEX(BV28,2) -> 00 | CG28: {=TRANSPOSE(CA25:CA32)} -> 01 | CH28: 01 | CI28: 01 | CJ28: 01 | CK28: 01 | CL28: 00 | CM28: 00 | CN28: 00 | CP28: =LOWER("!byte $"&CG28&", $"&CH28&", $"&CI28&", $"&CJ28&", $"&CK28&", $"&CL28&", $"&CM28&", $"&CN28) -> !byte $01, $01, $01, $01, $01, $00, $00, $00
A29: 1 | B29: 1 | C29: 1 | D29: 0 | E29: 0 | F29: 0 | G29: 2 | H29: 2 | I29: 2 | J29: 2 | K29: 2 | L29: 2 | M29: 0 | N29: 0 | O29: 0 | P29: 1 | Q29: 1 | R29: 1 | S29: 0 | T29: 0 | U29: 2 | V29: 2 | W29: 3 | X29: 3 | Y29: 3 | Z29: 3 | AA29: 3 | AB29: 3 | AC29: 2 | AD29: 2 | AE29: 0 | AF29: 0 | AH29: =_xlfn.XLOOKUP(A29,'Vic colour ref'!$A$2:$A$5,'Vic colour ref'!$D$2:$D$5,"") -> 01 | AI29: =_xlfn.XLOOKUP(B29,'Vic colour ref'!$A$2:$A$5,'Vic colour ref'!$D$2:$D$5,"") -> 01 | AJ29: =_xlfn.XLOOKUP(C29,'Vic colour ref'!$A$2:$A$5,'Vic colour ref'!$D$2:$D$5,"") -> 01 | AK29: =_xlfn.XLOOKUP(D29,'Vic colour ref'!$A$2:$A$5,'Vic colour ref'!$D$2:$D$5,"") -> 00 | AL29: =_xlfn.XLOOKUP(E29,'Vic colour ref'!$A$2:$A$5,'Vic colour ref'!$D$2:$D$5,"") -> 00 | AM29: =_xlfn.XLOOKUP(F29,'Vic colour ref'!$A$2:$A$5,'Vic colour ref'!$D$2:$D$5,"") -> 00 | AN29: =_xlfn.XLOOKUP(G29,'Vic colour ref'!$A$2:$A$5,'Vic colour ref'!$D$2:$D$5,"") -> 10 | AO29: =_xlfn.XLOOKUP(H29,'Vic colour ref'!$A$2:$A$5,'Vic colour ref'!$D$2:$D$5,"") -> 10 | ... BM29: =_xlfn.XLOOKUP(AF29,'Vic colour ref'!$A$2:$A$5,'Vic colour ref'!$D$2:$D$5,"") -> 00 | BO29: =_xlfn.CONCAT(AH29:AK29) -> 01010100 | BP29: =_xlfn.CONCAT(AL29:AO29) -> 00001010 | BQ29: =_xlfn.CONCAT(AP29:AS29) -> 10101010 | BR29: =_xlfn.CONCAT(AT29:AW29) -> 00000001 | BS29: =_xlfn.CONCAT(AX29:BA29) -> 01010000 | BT29: =_xlfn.CONCAT(BB29:BE29) -> 10101111 | BU29: =_xlfn.CONCAT(BF29:BI29) -> 11111111 | BV29: =_xlfn.CONCAT(BJ29:BM29) -> 10100000 | BX29: =BIN2HEX(BO29,2) -> 54 | BY29: =BIN2HEX(BP29,2) -> 0A | BZ29: =BIN2HEX(BQ29,2) -> AA | CA29: =BIN2HEX(BR29,2) -> 01 | CB29: =BIN2HEX(BS29,2) -> 50 | CC29: =BIN2HEX(BT29,2) -> AF | CD29: =BIN2HEX(BU29,2) -> FF | CE29: =BIN2HEX(BV29,2) -> A0 | CG29: {=TRANSPOSE(CB25:CB32)} -> 50 | CH29: 50 | CI29: 50 | CJ29: 50 | CK29: 50 | CL29: 00 | CM29: 00 | CN29: 00 | CP29: =LOWER("!byte $"&CG29&", $"&CH29&", $"&CI29&", $"&CJ29&", $"&CK29&", $"&CL29&", $"&CM29&", $"&CN29) -> !byte $50, $50, $50, $50, $50, $00, $00, $00
A30: 0 | B30: 0 | C30: 0 | D30: 0 | E30: 0 | F30: 0 | G30: 1 | H30: 1 | I30: 1 | J30: 1 | K30: 1 | L30: 1 | M30: 0 | N30: 0 | O30: 0 | P30: 0 | Q30: 0 | R30: 0 | S30: 0 | T30: 0 | U30: 2 | V30: 2 | W30: 3 | X30: 3 | Y30: 3 | Z30: 3 | AA30: 3 | AB30: 3 | AC30: 2 | AD30: 2 | AE30: 0 | AF30: 0 | AH30: =_xlfn.XLOOKUP(A30,'Vic colour ref'!$A$2:$A$5,'Vic colour ref'!$D$2:$D$5,"") -> 00 | AI30: =_xlfn.XLOOKUP(B30,'Vic colour ref'!$A$2:$A$5,'Vic colour ref'!$D$2:$D$5,"") -> 00 | AJ30: =_xlfn.XLOOKUP(C30,'Vic colour ref'!$A$2:$A$5,'Vic colour ref'!$D$2:$D$5,"") -> 00 | AK30: =_xlfn.XLOOKUP(D30,'Vic colour ref'!$A$2:$A$5,'Vic colour ref'!$D$2:$D$5,"") -> 00 | AL30: =_xlfn.XLOOKUP(E30,'Vic colour ref'!$A$2:$A$5,'Vic colour ref'!$D$2:$D$5,"") -> 00 | AM30: =_xlfn.XLOOKUP(F30,'Vic colour ref'!$A$2:$A$5,'Vic colour ref'!$D$2:$D$5,"") -> 00 | AN30: =_xlfn.XLOOKUP(G30,'Vic colour ref'!$A$2:$A$5,'Vic colour ref'!$D$2:$D$5,"") -> 01 | AO30: =_xlfn.XLOOKUP(H30,'Vic colour ref'!$A$2:$A$5,'Vic colour ref'!$D$2:$D$5,"") -> 01 | ... BM30: =_xlfn.XLOOKUP(AF30,'Vic colour ref'!$A$2:$A$5,'Vic colour ref'!$D$2:$D$5,"") -> 00 | BO30: =_xlfn.CONCAT(AH30:AK30) -> 00000000 | BP30: =_xlfn.CONCAT(AL30:AO30) -> 00000101 | BQ30: =_xlfn.CONCAT(AP30:AS30) -> 01010101 | BR30: =_xlfn.CONCAT(AT30:AW30) -> 00000000 | BS30: =_xlfn.CONCAT(AX30:BA30) -> 00000000 | BT30: =_xlfn.CONCAT(BB30:BE30) -> 10101111 | BU30: =_xlfn.CONCAT(BF30:BI30) -> 11111111 | BV30: =_xlfn.CONCAT(BJ30:BM30) -> 10100000 | BX30: =BIN2HEX(BO30,2) -> 00 | BY30: =BIN2HEX(BP30,2) -> 05 | BZ30: =BIN2HEX(BQ30,2) -> 55 | CA30: =BIN2HEX(BR30,2) -> 00 | CB30: =BIN2HEX(BS30,2) -> 00 | CC30: =BIN2HEX(BT30,2) -> AF | CD30: =BIN2HEX(BU30,2) -> FF | CE30: =BIN2HEX(BV30,2) -> A0 | CG30: {=TRANSPOSE(CC25:CC32)} -> 0F | CH30: 0F | CI30: 0F | CJ30: 0F | CK30: AF | CL30: AF | CM30: FA | CN30: FA | CP30: =LOWER("!byte $"&CG30&", $"&CH30&", $"&CI30&", $"&CJ30&", $"&CK30&", $"&CL30&", $"&CM30&", $"&CN30) -> !byte $0f, $0f, $0f, $0f, $af, $af, $fa, $fa
A31: 0 | B31: 0 | C31: 0 | D31: 0 | E31: 0 | F31: 0 | G31: 1 | H31: 1 | I31: 1 | J31: 1 | K31: 1 | L31: 1 | M31: 0 | N31: 0 | O31: 0 | P31: 0 | Q31: 0 | R31: 0 | S31: 0 | T31: 0 | U31: 3 | V31: 3 | W31: 2 | X31: 2 | Y31: 3 | Z31: 3 | AA31: 3 | AB31: 3 | AC31: 3 | AD31: 3 | AE31: 0 | AF31: 0 | AH31: =_xlfn.XLOOKUP(A31,'Vic colour ref'!$A$2:$A$5,'Vic colour ref'!$D$2:$D$5,"") -> 00 | AI31: =_xlfn.XLOOKUP(B31,'Vic colour ref'!$A$2:$A$5,'Vic colour ref'!$D$2:$D$5,"") -> 00 | AJ31: =_xlfn.XLOOKUP(C31,'Vic colour ref'!$A$2:$A$5,'Vic colour ref'!$D$2:$D$5,"") -> 00 | AK31: =_xlfn.XLOOKUP(D31,'Vic colour ref'!$A$2:$A$5,'Vic colour ref'!$D$2:$D$5,"") -> 00 | AL31: =_xlfn.XLOOKUP(E31,'Vic colour ref'!$A$2:$A$5,'Vic colour ref'!$D$2:$D$5,"") -> 00 | AM31: =_xlfn.XLOOKUP(F31,'Vic colour ref'!$A$2:$A$5,'Vic colour ref'!$D$2:$D$5,"") -> 00 | AN31: =_xlfn.XLOOKUP(G31,'Vic colour ref'!$A$2:$A$5,'Vic colour ref'!$D$2:$D$5,"") -> 01 | AO31: =_xlfn.XLOOKUP(H31,'Vic colour ref'!$A$2:$A$5,'Vic colour ref'!$D$2:$D$5,"") -> 01 | ... BM31: =_xlfn.XLOOKUP(AF31,'Vic colour ref'!$A$2:$A$5,'Vic colour ref'!$D$2:$D$5,"") -> 00 | BO31: =_xlfn.CONCAT(AH31:AK31) -> 00000000 | BP31: =_xlfn.CONCAT(AL31:AO31) -> 00000101 | BQ31: =_xlfn.CONCAT(AP31:AS31) -> 01010101 | BR31: =_xlfn.CONCAT(AT31:AW31) -> 00000000 | BS31: =_xlfn.CONCAT(AX31:BA31) -> 00000000 | BT31: =_xlfn.CONCAT(BB31:BE31) -> 11111010 | BU31: =_xlfn.CONCAT(BF31:BI31) -> 11111111 | BV31: =_xlfn.CONCAT(BJ31:BM31) -> 11110000 | BX31: =BIN2HEX(BO31,2) -> 00 | BY31: =BIN2HEX(BP31,2) -> 05 | BZ31: =BIN2HEX(BQ31,2) -> 55 | CA31: =BIN2HEX(BR31,2) -> 00 | CB31: =BIN2HEX(BS31,2) -> 00 | CC31: =BIN2HEX(BT31,2) -> FA | CD31: =BIN2HEX(BU31,2) -> FF | CE31: =BIN2HEX(BV31,2) -> F0 | CG31: {=TRANSPOSE(CD25:CD32)} -> AF | CH31: AF | CI31: FA | CJ31: FA | CK31: FF | CL31: FF | CM31: FF | CN31: FF | CP31: =LOWER("!byte $"&CG31&", $"&CH31&", $"&CI31&", $"&CJ31&", $"&CK31&", $"&CL31&", $"&CM31&", $"&CN31) -> !byte $af, $af, $fa, $fa, $ff, $ff, $ff, $ff
A32: 0 | B32: 0 | C32: 0 | D32: 0 | E32: 0 | F32: 0 | G32: 1 | H32: 1 | I32: 1 | J32: 1 | K32: 1 | L32: 1 | M32: 0 | N32: 0 | O32: 0 | P32: 0 | Q32: 0 | R32: 0 | S32: 0 | T32: 0 | U32: 3 | V32: 3 | W32: 2 | X32: 2 | Y32: 3 | Z32: 3 | AA32: 3 | AB32: 3 | AC32: 3 | AD32: 3 | AE32: 0 | AF32: 0 | AH32: =_xlfn.XLOOKUP(A32,'Vic colour ref'!$A$2:$A$5,'Vic colour ref'!$D$2:$D$5,"") -> 00 | AI32: =_xlfn.XLOOKUP(B32,'Vic colour ref'!$A$2:$A$5,'Vic colour ref'!$D$2:$D$5,"") -> 00 | AJ32: =_xlfn.XLOOKUP(C32,'Vic colour ref'!$A$2:$A$5,'Vic colour ref'!$D$2:$D$5,"") -> 00 | AK32: =_xlfn.XLOOKUP(D32,'Vic colour ref'!$A$2:$A$5,'Vic colour ref'!$D$2:$D$5,"") -> 00 | AL32: =_xlfn.XLOOKUP(E32,'Vic colour ref'!$A$2:$A$5,'Vic colour ref'!$D$2:$D$5,"") -> 00 | AM32: =_xlfn.XLOOKUP(F32,'Vic colour ref'!$A$2:$A$5,'Vic colour ref'!$D$2:$D$5,"") -> 00 | AN32: =_xlfn.XLOOKUP(G32,'Vic colour ref'!$A$2:$A$5,'Vic colour ref'!$D$2:$D$5,"") -> 01 | AO32: =_xlfn.XLOOKUP(H32,'Vic colour ref'!$A$2:$A$5,'Vic colour ref'!$D$2:$D$5,"") -> 01 | ... BM32: =_xlfn.XLOOKUP(AF32,'Vic colour ref'!$A$2:$A$5,'Vic colour ref'!$D$2:$D$5,"") -> 00 | BO32: =_xlfn.CONCAT(AH32:AK32) -> 00000000 | BP32: =_xlfn.CONCAT(AL32:AO32) -> 00000101 | BQ32: =_xlfn.CONCAT(AP32:AS32) -> 01010101 | BR32: =_xlfn.CONCAT(AT32:AW32) -> 00000000 | BS32: =_xlfn.CONCAT(AX32:BA32) -> 00000000 | BT32: =_xlfn.CONCAT(BB32:BE32) -> 11111010 | BU32: =_xlfn.CONCAT(BF32:BI32) -> 11111111 | BV32: =_xlfn.CONCAT(BJ32:BM32) -> 11110000 | BX32: =BIN2HEX(BO32,2) -> 00 | BY32: =BIN2HEX(BP32,2) -> 05 | BZ32: =BIN2HEX(BQ32,2) -> 55 | CA32: =BIN2HEX(BR32,2) -> 00 | CB32: =BIN2HEX(BS32,2) -> 00 | CC32: =BIN2HEX(BT32,2) -> FA | CD32: =BIN2HEX(BU32,2) -> FF | CE32: =BIN2HEX(BV32,2) -> F0 | CG32: {=TRANSPOSE(CE25:CE32)} -> 00 | CH32: 00 | CI32: 00 | CJ32: 00 | CK32: A0 | CL32: A0 | CM32: F0 | CN32: F0 | CP32: =LOWER("!byte $"&CG32&", $"&CH32&", $"&CI32&", $"&CJ32&", $"&CK32&", $"&CL32&", $"&CM32&", $"&CN32) -> !byte $00, $00, $00, $00, $a0, $a0, $f0, $f0
A33: 0 | B33: 0 | C33: 0 | D33: 0 | E33: 0 | F33: 0 | G33: 2 | H33: 2 | I33: 2 | J33: 2 | K33: 2 | L33: 2 | M33: 0 | N33: 0 | O33: 0 | P33: 0 | Q33: 0 | R33: 0 | S33: 3 | T33: 3 | U33: 3 | V33: 3 | W33: 3 | X33: 3 | Y33: 2 | Z33: 2 | AA33: 3 | AB33: 3 | AC33: 3 | AD33: 3 | AE33: 3 | AF33: 3 | AH33: =_xlfn.XLOOKUP(A33,'Vic colour ref'!$A$2:$A$5,'Vic colour ref'!$D$2:$D$5,"") -> 00 | AI33: =_xlfn.XLOOKUP(B33,'Vic colour ref'!$A$2:$A$5,'Vic colour ref'!$D$2:$D$5,"") -> 00 | AJ33: =_xlfn.XLOOKUP(C33,'Vic colour ref'!$A$2:$A$5,'Vic colour ref'!$D$2:$D$5,"") -> 00 | AK33: =_xlfn.XLOOKUP(D33,'Vic colour ref'!$A$2:$A$5,'Vic colour ref'!$D$2:$D$5,"") -> 00 | AL33: =_xlfn.XLOOKUP(E33,'Vic colour ref'!$A$2:$A$5,'Vic colour ref'!$D$2:$D$5,"") -> 00 | AM33: =_xlfn.XLOOKUP(F33,'Vic colour ref'!$A$2:$A$5,'Vic colour ref'!$D$2:$D$5,"") -> 00 | AN33: =_xlfn.XLOOKUP(G33,'Vic colour ref'!$A$2:$A$5,'Vic colour ref'!$D$2:$D$5,"") -> 10 | AO33: =_xlfn.XLOOKUP(H33,'Vic colour ref'!$A$2:$A$5,'Vic colour ref'!$D$2:$D$5,"") -> 10 | ... BM33: =_xlfn.XLOOKUP(AF33,'Vic colour ref'!$A$2:$A$5,'Vic colour ref'!$D$2:$D$5,"") -> 11 | BO33: =_xlfn.CONCAT(AH33:AK33) -> 00000000 | BP33: =_xlfn.CONCAT(AL33:AO33) -> 00001010 | BQ33: =_xlfn.CONCAT(AP33:AS33) -> 10101010 | BR33: =_xlfn.CONCAT(AT33:AW33) -> 00000000 | BS33: =_xlfn.CONCAT(AX33:BA33) -> 00001111 | BT33: =_xlfn.CONCAT(BB33:BE33) -> 11111111 | BU33: =_xlfn.CONCAT(BF33:BI33) -> 10101111 | BV33: =_xlfn.CONCAT(BJ33:BM33) -> 11111111 | BX33: =BIN2HEX(BO33,2) -> 00 | BY33: =BIN2HEX(BP33,2) -> 0A | BZ33: =BIN2HEX(BQ33,2) -> AA | CA33: =BIN2HEX(BR33,2) -> 00 | CB33: =BIN2HEX(BS33,2) -> 0F | CC33: =BIN2HEX(BT33,2) -> FF | CD33: =BIN2HEX(BU33,2) -> AF | CE33: =BIN2HEX(BV33,2) -> FF | CG33: {=TRANSPOSE(BX33:BX40)} -> 00 | CH33: 00 | CI33: 00 | CJ33: 02 | CK33: 02 | CL33: 02 | CM33: 03 | CN33: 03 | CP33: =LOWER("!byte $"&CG33&", $"&CH33&", $"&CI33&", $"&CJ33&", $"&CK33&", $"&CL33&", $"&CM33&", $"&CN33) -> !byte $00, $00, $00, $02, $02, $02, $03, $03
A34: 0 | B34: 0 | C34: 0 | D34: 0 | E34: 0 | F34: 0 | G34: 2 | H34: 2 | I34: 2 | J34: 2 | K34: 2 | L34: 2 | M34: 0 | N34: 0 | O34: 0 | P34: 0 | Q34: 0 | R34: 0 | S34: 3 | T34: 3 | U34: 3 | V34: 3 | W34: 3 | X34: 3 | Y34: 2 | Z34: 2 | AA34: 3 | AB34: 3 | AC34: 3 | AD34: 3 | AE34: 3 | AF34: 3 | AH34: =_xlfn.XLOOKUP(A34,'Vic colour ref'!$A$2:$A$5,'Vic colour ref'!$D$2:$D$5,"") -> 00 | AI34: =_xlfn.XLOOKUP(B34,'Vic colour ref'!$A$2:$A$5,'Vic colour ref'!$D$2:$D$5,"") -> 00 | AJ34: =_xlfn.XLOOKUP(C34,'Vic colour ref'!$A$2:$A$5,'Vic colour ref'!$D$2:$D$5,"") -> 00 | AK34: =_xlfn.XLOOKUP(D34,'Vic colour ref'!$A$2:$A$5,'Vic colour ref'!$D$2:$D$5,"") -> 00 | AL34: =_xlfn.XLOOKUP(E34,'Vic colour ref'!$A$2:$A$5,'Vic colour ref'!$D$2:$D$5,"") -> 00 | AM34: =_xlfn.XLOOKUP(F34,'Vic colour ref'!$A$2:$A$5,'Vic colour ref'!$D$2:$D$5,"") -> 00 | AN34: =_xlfn.XLOOKUP(G34,'Vic colour ref'!$A$2:$A$5,'Vic colour ref'!$D$2:$D$5,"") -> 10 | AO34: =_xlfn.XLOOKUP(H34,'Vic colour ref'!$A$2:$A$5,'Vic colour ref'!$D$2:$D$5,"") -> 10 | ... BM34: =_xlfn.XLOOKUP(AF34,'Vic colour ref'!$A$2:$A$5,'Vic colour ref'!$D$2:$D$5,"") -> 11 | BO34: =_xlfn.CONCAT(AH34:AK34) -> 00000000 | BP34: =_xlfn.CONCAT(AL34:AO34) -> 00001010 | BQ34: =_xlfn.CONCAT(AP34:AS34) -> 10101010 | BR34: =_xlfn.CONCAT(AT34:AW34) -> 00000000 | BS34: =_xlfn.CONCAT(AX34:BA34) -> 00001111 | BT34: =_xlfn.CONCAT(BB34:BE34) -> 11111111 | BU34: =_xlfn.CONCAT(BF34:BI34) -> 10101111 | BV34: =_xlfn.CONCAT(BJ34:BM34) -> 11111111 | BX34: =BIN2HEX(BO34,2) -> 00 | BY34: =BIN2HEX(BP34,2) -> 0A | BZ34: =BIN2HEX(BQ34,2) -> AA | CA34: =BIN2HEX(BR34,2) -> 00 | CB34: =BIN2HEX(BS34,2) -> 0F | CC34: =BIN2HEX(BT34,2) -> FF | CD34: =BIN2HEX(BU34,2) -> AF | CE34: =BIN2HEX(BV34,2) -> FF | CG34: {=TRANSPOSE(BY33:BY40)} -> 0A | CH34: 0A | CI34: 0A | CJ34: A5 | CK34: A5 | CL34: A5 | CM34: F0 | CN34: F0 | CP34: =LOWER("!byte $"&CG34&", $"&CH34&", $"&CI34&", $"&CJ34&", $"&CK34&", $"&CL34&", $"&CM34&", $"&CN34) -> !byte $0a, $0a, $0a, $a5, $a5, $a5, $f0, $f0
A35: 0 | B35: 0 | C35: 0 | D35: 0 | E35: 0 | F35: 0 | G35: 2 | H35: 2 | I35: 2 | J35: 2 | K35: 2 | L35: 2 | M35: 0 | N35: 0 | O35: 0 | P35: 0 | Q35: 0 | R35: 0 | S35: 2 | T35: 2 | U35: 3 | V35: 3 | W35: 3 | X35: 3 | Y35: 3 | Z35: 3 | AA35: 2 | AB35: 2 | AC35: 3 | AD35: 3 | AE35: 3 | AF35: 3 | AH35: =_xlfn.XLOOKUP(A35,'Vic colour ref'!$A$2:$A$5,'Vic colour ref'!$D$2:$D$5,"") -> 00 | AI35: =_xlfn.XLOOKUP(B35,'Vic colour ref'!$A$2:$A$5,'Vic colour ref'!$D$2:$D$5,"") -> 00 | AJ35: =_xlfn.XLOOKUP(C35,'Vic colour ref'!$A$2:$A$5,'Vic colour ref'!$D$2:$D$5,"") -> 00 | AK35: =_xlfn.XLOOKUP(D35,'Vic colour ref'!$A$2:$A$5,'Vic colour ref'!$D$2:$D$5,"") -> 00 | AL35: =_xlfn.XLOOKUP(E35,'Vic colour ref'!$A$2:$A$5,'Vic colour ref'!$D$2:$D$5,"") -> 00 | AM35: =_xlfn.XLOOKUP(F35,'Vic colour ref'!$A$2:$A$5,'Vic colour ref'!$D$2:$D$5,"") -> 00 | AN35: =_xlfn.XLOOKUP(G35,'Vic colour ref'!$A$2:$A$5,'Vic colour ref'!$D$2:$D$5,"") -> 10 | AO35: =_xlfn.XLOOKUP(H35,'Vic colour ref'!$A$2:$A$5,'Vic colour ref'!$D$2:$D$5,"") -> 10 | ... BM35: =_xlfn.XLOOKUP(AF35,'Vic colour ref'!$A$2:$A$5,'Vic colour ref'!$D$2:$D$5,"") -> 11 | BO35: =_xlfn.CONCAT(AH35:AK35) -> 00000000 | BP35: =_xlfn.CONCAT(AL35:AO35) -> 00001010 | BQ35: =_xlfn.CONCAT(AP35:AS35) -> 10101010 | BR35: =_xlfn.CONCAT(AT35:AW35) -> 00000000 | BS35: =_xlfn.CONCAT(AX35:BA35) -> 00001010 | BT35: =_xlfn.CONCAT(BB35:BE35) -> 11111111 | BU35: =_xlfn.CONCAT(BF35:BI35) -> 11111010 | BV35: =_xlfn.CONCAT(BJ35:BM35) -> 11111111 | BX35: =BIN2HEX(BO35,2) -> 00 | BY35: =BIN2HEX(BP35,2) -> 0A | BZ35: =BIN2HEX(BQ35,2) -> AA | CA35: =BIN2HEX(BR35,2) -> 00 | CB35: =BIN2HEX(BS35,2) -> 0A | CC35: =BIN2HEX(BT35,2) -> FF | CD35: =BIN2HEX(BU35,2) -> FA | CE35: =BIN2HEX(BV35,2) -> FF | CG35: {=TRANSPOSE(BZ33:BZ40)} -> AA | CH35: AA | CI35: AA | CJ35: 55 | CK35: 55 | CL35: 55 | CM35: 00 | CN35: 00 | CP35: =LOWER("!byte $"&CG35&", $"&CH35&", $"&CI35&", $"&CJ35&", $"&CK35&", $"&CL35&", $"&CM35&", $"&CN35) -> !byte $aa, $aa, $aa, $55, $55, $55, $00, $00
A36: 0 | B36: 0 | C36: 0 | D36: 2 | E36: 2 | F36: 2 | G36: 1 | H36: 1 | I36: 1 | J36: 1 | K36: 1 | L36: 1 | M36: 2 | N36: 2 | O36: 2 | P36: 0 | Q36: 0 | R36: 0 | S36: 2 | T36: 2 | U36: 3 | V36: 3 | W36: 3 | X36: 3 | Y36: 3 | Z36: 3 | AA36: 2 | AB36: 2 | AC36: 3 | AD36: 3 | AE36: 3 | AF36: 3 | AH36: =_xlfn.XLOOKUP(A36,'Vic colour ref'!$A$2:$A$5,'Vic colour ref'!$D$2:$D$5,"") -> 00 | AI36: =_xlfn.XLOOKUP(B36,'Vic colour ref'!$A$2:$A$5,'Vic colour ref'!$D$2:$D$5,"") -> 00 | AJ36: =_xlfn.XLOOKUP(C36,'Vic colour ref'!$A$2:$A$5,'Vic colour ref'!$D$2:$D$5,"") -> 00 | AK36: =_xlfn.XLOOKUP(D36,'Vic colour ref'!$A$2:$A$5,'Vic colour ref'!$D$2:$D$5,"") -> 10 | AL36: =_xlfn.XLOOKUP(E36,'Vic colour ref'!$A$2:$A$5,'Vic colour ref'!$D$2:$D$5,"") -> 10 | AM36: =_xlfn.XLOOKUP(F36,'Vic colour ref'!$A$2:$A$5,'Vic colour ref'!$D$2:$D$5,"") -> 10 | AN36: =_xlfn.XLOOKUP(G36,'Vic colour ref'!$A$2:$A$5,'Vic colour ref'!$D$2:$D$5,"") -> 01 | AO36: =_xlfn.XLOOKUP(H36,'Vic colour ref'!$A$2:$A$5,'Vic colour ref'!$D$2:$D$5,"") -> 01 | ... BM36: =_xlfn.XLOOKUP(AF36,'Vic colour ref'!$A$2:$A$5,'Vic colour ref'!$D$2:$D$5,"") -> 11 | BO36: =_xlfn.CONCAT(AH36:AK36) -> 00000010 | BP36: =_xlfn.CONCAT(AL36:AO36) -> 10100101 | BQ36: =_xlfn.CONCAT(AP36:AS36) -> 01010101 | BR36: =_xlfn.CONCAT(AT36:AW36) -> 10101000 | BS36: =_xlfn.CONCAT(AX36:BA36) -> 00001010 | BT36: =_xlfn.CONCAT(BB36:BE36) -> 11111111 | BU36: =_xlfn.CONCAT(BF36:BI36) -> 11111010 | BV36: =_xlfn.CONCAT(BJ36:BM36) -> 11111111 | BX36: =BIN2HEX(BO36,2) -> 02 | BY36: =BIN2HEX(BP36,2) -> A5 | BZ36: =BIN2HEX(BQ36,2) -> 55 | CA36: =BIN2HEX(BR36,2) -> A8 | CB36: =BIN2HEX(BS36,2) -> 0A | CC36: =BIN2HEX(BT36,2) -> FF | CD36: =BIN2HEX(BU36,2) -> FA | CE36: =BIN2HEX(BV36,2) -> FF | CG36: {=TRANSPOSE(CA33:CA40)} -> 00 | CH36: 00 | CI36: 00 | CJ36: A8 | CK36: A8 | CL36: A8 | CM36: FC | CN36: FC | CP36: =LOWER("!byte $"&CG36&", $"&CH36&", $"&CI36&", $"&CJ36&", $"&CK36&", $"&CL36&", $"&CM36&", $"&CN36) -> !byte $00, $00, $00, $a8, $a8, $a8, $fc, $fc
A37: 0 | B37: 0 | C37: 0 | D37: 2 | E37: 2 | F37: 2 | G37: 1 | H37: 1 | I37: 1 | J37: 1 | K37: 1 | L37: 1 | M37: 2 | N37: 2 | O37: 2 | P37: 0 | Q37: 0 | R37: 0 | S37: 3 | T37: 3 | U37: 2 | V37: 2 | W37: 3 | X37: 3 | Y37: 3 | Z37: 3 | AA37: 3 | AB37: 3 | AC37: 2 | AD37: 2 | AE37: 3 | AF37: 3 | AH37: =_xlfn.XLOOKUP(A37,'Vic colour ref'!$A$2:$A$5,'Vic colour ref'!$D$2:$D$5,"") -> 00 | AI37: =_xlfn.XLOOKUP(B37,'Vic colour ref'!$A$2:$A$5,'Vic colour ref'!$D$2:$D$5,"") -> 00 | AJ37: =_xlfn.XLOOKUP(C37,'Vic colour ref'!$A$2:$A$5,'Vic colour ref'!$D$2:$D$5,"") -> 00 | AK37: =_xlfn.XLOOKUP(D37,'Vic colour ref'!$A$2:$A$5,'Vic colour ref'!$D$2:$D$5,"") -> 10 | AL37: =_xlfn.XLOOKUP(E37,'Vic colour ref'!$A$2:$A$5,'Vic colour ref'!$D$2:$D$5,"") -> 10 | AM37: =_xlfn.XLOOKUP(F37,'Vic colour ref'!$A$2:$A$5,'Vic colour ref'!$D$2:$D$5,"") -> 10 | AN37: =_xlfn.XLOOKUP(G37,'Vic colour ref'!$A$2:$A$5,'Vic colour ref'!$D$2:$D$5,"") -> 01 | AO37: =_xlfn.XLOOKUP(H37,'Vic colour ref'!$A$2:$A$5,'Vic colour ref'!$D$2:$D$5,"") -> 01 | ... BM37: =_xlfn.XLOOKUP(AF37,'Vic colour ref'!$A$2:$A$5,'Vic colour ref'!$D$2:$D$5,"") -> 11 | BO37: =_xlfn.CONCAT(AH37:AK37) -> 00000010 | BP37: =_xlfn.CONCAT(AL37:AO37) -> 10100101 | BQ37: =_xlfn.CONCAT(AP37:AS37) -> 01010101 | BR37: =_xlfn.CONCAT(AT37:AW37) -> 10101000 | BS37: =_xlfn.CONCAT(AX37:BA37) -> 00001111 | BT37: =_xlfn.CONCAT(BB37:BE37) -> 10101111 | BU37: =_xlfn.CONCAT(BF37:BI37) -> 11111111 | BV37: =_xlfn.CONCAT(BJ37:BM37) -> 10101111 | BX37: =BIN2HEX(BO37,2) -> 02 | BY37: =BIN2HEX(BP37,2) -> A5 | BZ37: =BIN2HEX(BQ37,2) -> 55 | CA37: =BIN2HEX(BR37,2) -> A8 | CB37: =BIN2HEX(BS37,2) -> 0F | CC37: =BIN2HEX(BT37,2) -> AF | CD37: =BIN2HEX(BU37,2) -> FF | CE37: =BIN2HEX(BV37,2) -> AF | CG37: {=TRANSPOSE(CB33:CB40)} -> 0F | CH37: 0F | CI37: 0A | CJ37: 0A | CK37: 0F | CL37: 0F | CM37: 0F | CN37: 0F | CP37: =LOWER("!byte $"&CG37&", $"&CH37&", $"&CI37&", $"&CJ37&", $"&CK37&", $"&CL37&", $"&CM37&", $"&CN37) -> !byte $0f, $0f, $0a, $0a, $0f, $0f, $0f, $0f
A38: 0 | B38: 0 | C38: 0 | D38: 2 | E38: 2 | F38: 2 | G38: 1 | H38: 1 | I38: 1 | J38: 1 | K38: 1 | L38: 1 | M38: 2 | N38: 2 | O38: 2 | P38: 0 | Q38: 0 | R38: 0 | S38: 3 | T38: 3 | U38: 2 | V38: 2 | W38: 3 | X38: 3 | Y38: 3 | Z38: 3 | AA38: 3 | AB38: 3 | AC38: 2 | AD38: 2 | AE38: 3 | AF38: 3 | AH38: =_xlfn.XLOOKUP(A38,'Vic colour ref'!$A$2:$A$5,'Vic colour ref'!$D$2:$D$5,"") -> 00 | AI38: =_xlfn.XLOOKUP(B38,'Vic colour ref'!$A$2:$A$5,'Vic colour ref'!$D$2:$D$5,"") -> 00 | AJ38: =_xlfn.XLOOKUP(C38,'Vic colour ref'!$A$2:$A$5,'Vic colour ref'!$D$2:$D$5,"") -> 00 | AK38: =_xlfn.XLOOKUP(D38,'Vic colour ref'!$A$2:$A$5,'Vic colour ref'!$D$2:$D$5,"") -> 10 | AL38: =_xlfn.XLOOKUP(E38,'Vic colour ref'!$A$2:$A$5,'Vic colour ref'!$D$2:$D$5,"") -> 10 | AM38: =_xlfn.XLOOKUP(F38,'Vic colour ref'!$A$2:$A$5,'Vic colour ref'!$D$2:$D$5,"") -> 10 | AN38: =_xlfn.XLOOKUP(G38,'Vic colour ref'!$A$2:$A$5,'Vic colour ref'!$D$2:$D$5,"") -> 01 | AO38: =_xlfn.XLOOKUP(H38,'Vic colour ref'!$A$2:$A$5,'Vic colour ref'!$D$2:$D$5,"") -> 01 | ... BM38: =_xlfn.XLOOKUP(AF38,'Vic colour ref'!$A$2:$A$5,'Vic colour ref'!$D$2:$D$5,"") -> 11 | BO38: =_xlfn.CONCAT(AH38:AK38) -> 00000010 | BP38: =_xlfn.CONCAT(AL38:AO38) -> 10100101 | BQ38: =_xlfn.CONCAT(AP38:AS38) -> 01010101 | BR38: =_xlfn.CONCAT(AT38:AW38) -> 10101000 | BS38: =_xlfn.CONCAT(AX38:BA38) -> 00001111 | BT38: =_xlfn.CONCAT(BB38:BE38) -> 10101111 | BU38: =_xlfn.CONCAT(BF38:BI38) -> 11111111 | BV38: =_xlfn.CONCAT(BJ38:BM38) -> 10101111 | BX38: =BIN2HEX(BO38,2) -> 02 | BY38: =BIN2HEX(BP38,2) -> A5 | BZ38: =BIN2HEX(BQ38,2) -> 55 | CA38: =BIN2HEX(BR38,2) -> A8 | CB38: =BIN2HEX(BS38,2) -> 0F | CC38: =BIN2HEX(BT38,2) -> AF | CD38: =BIN2HEX(BU38,2) -> FF | CE38: =BIN2HEX(BV38,2) -> AF | CG38: {=TRANSPOSE(CC33:CC40)} -> FF | CH38: FF | CI38: FF | CJ38: FF | CK38: AF | CL38: AF | CM38: FA | CN38: FA | CP38: =LOWER("!byte $"&CG38&", $"&CH38&", $"&CI38&", $"&CJ38&", $"&CK38&", $"&CL38&", $"&CM38&", $"&CN38) -> !byte $ff, $ff, $ff, $ff, $af, $af, $fa, $fa
A39: 0 | B39: 0 | C39: 0 | D39: 3 | E39: 3 | F39: 3 | G39: 0 | H39: 0 | I39: 0 | J39: 0 | K39: 0 | L39: 0 | M39: 3 | N39: 3 | O39: 3 | P39: 0 | Q39: 0 | R39: 0 | S39: 3 | T39: 3 | U39: 3 | V39: 3 | W39: 2 | X39: 2 | Y39: 3 | Z39: 3 | AA39: 3 | AB39: 3 | AC39: 3 | AD39: 3 | AE39: 2 | AF39: 2 | AH39: =_xlfn.XLOOKUP(A39,'Vic colour ref'!$A$2:$A$5,'Vic colour ref'!$D$2:$D$5,"") -> 00 | AI39: =_xlfn.XLOOKUP(B39,'Vic colour ref'!$A$2:$A$5,'Vic colour ref'!$D$2:$D$5,"") -> 00 | AJ39: =_xlfn.XLOOKUP(C39,'Vic colour ref'!$A$2:$A$5,'Vic colour ref'!$D$2:$D$5,"") -> 00 | AK39: =_xlfn.XLOOKUP(D39,'Vic colour ref'!$A$2:$A$5,'Vic colour ref'!$D$2:$D$5,"") -> 11 | AL39: =_xlfn.XLOOKUP(E39,'Vic colour ref'!$A$2:$A$5,'Vic colour ref'!$D$2:$D$5,"") -> 11 | AM39: =_xlfn.XLOOKUP(F39,'Vic colour ref'!$A$2:$A$5,'Vic colour ref'!$D$2:$D$5,"") -> 11 | AN39: =_xlfn.XLOOKUP(G39,'Vic colour ref'!$A$2:$A$5,'Vic colour ref'!$D$2:$D$5,"") -> 00 | AO39: =_xlfn.XLOOKUP(H39,'Vic colour ref'!$A$2:$A$5,'Vic colour ref'!$D$2:$D$5,"") -> 00 | ... BM39: =_xlfn.XLOOKUP(AF39,'Vic colour ref'!$A$2:$A$5,'Vic colour ref'!$D$2:$D$5,"") -> 10 | BO39: =_xlfn.CONCAT(AH39:AK39) -> 00000011 | BP39: =_xlfn.CONCAT(AL39:AO39) -> 11110000 | BQ39: =_xlfn.CONCAT(AP39:AS39) -> 00000000 | BR39: =_xlfn.CONCAT(AT39:AW39) -> 11111100 | BS39: =_xlfn.CONCAT(AX39:BA39) -> 00001111 | BT39: =_xlfn.CONCAT(BB39:BE39) -> 11111010 | BU39: =_xlfn.CONCAT(BF39:BI39) -> 11111111 | BV39: =_xlfn.CONCAT(BJ39:BM39) -> 11111010 | BX39: =BIN2HEX(BO39,2) -> 03 | BY39: =BIN2HEX(BP39,2) -> F0 | BZ39: =BIN2HEX(BQ39,2) -> 00 | CA39: =BIN2HEX(BR39,2) -> FC | CB39: =BIN2HEX(BS39,2) -> 0F | CC39: =BIN2HEX(BT39,2) -> FA | CD39: =BIN2HEX(BU39,2) -> FF | CE39: =BIN2HEX(BV39,2) -> FA | CG39: {=TRANSPOSE(CD33:CD40)} -> AF | CH39: AF | CI39: FA | CJ39: FA | CK39: FF | CL39: FF | CM39: FF | CN39: FF | CP39: =LOWER("!byte $"&CG39&", $"&CH39&", $"&CI39&", $"&CJ39&", $"&CK39&", $"&CL39&", $"&CM39&", $"&CN39) -> !byte $af, $af, $fa, $fa, $ff, $ff, $ff, $ff
A40: 0 | B40: 0 | C40: 0 | D40: 3 | E40: 3 | F40: 3 | G40: 0 | H40: 0 | I40: 0 | J40: 0 | K40: 0 | L40: 0 | M40: 3 | N40: 3 | O40: 3 | P40: 0 | Q40: 0 | R40: 0 | S40: 3 | T40: 3 | U40: 3 | V40: 3 | W40: 2 | X40: 2 | Y40: 3 | Z40: 3 | AA40: 3 | AB40: 3 | AC40: 3 | AD40: 3 | AE40: 2 | AF40: 2 | AH40: =_xlfn.XLOOKUP(A40,'Vic colour ref'!$A$2:$A$5,'Vic colour ref'!$D$2:$D$5,"") -> 00 | AI40: =_xlfn.XLOOKUP(B40,'Vic colour ref'!$A$2:$A$5,'Vic colour ref'!$D$2:$D$5,"") -> 00 | AJ40: =_xlfn.XLOOKUP(C40,'Vic colour ref'!$A$2:$A$5,'Vic colour ref'!$D$2:$D$5,"") -> 00 | AK40: =_xlfn.XLOOKUP(D40,'Vic colour ref'!$A$2:$A$5,'Vic colour ref'!$D$2:$D$5,"") -> 11 | AL40: =_xlfn.XLOOKUP(E40,'Vic colour ref'!$A$2:$A$5,'Vic colour ref'!$D$2:$D$5,"") -> 11 | AM40: =_xlfn.XLOOKUP(F40,'Vic colour ref'!$A$2:$A$5,'Vic colour ref'!$D$2:$D$5,"") -> 11 | AN40: =_xlfn.XLOOKUP(G40,'Vic colour ref'!$A$2:$A$5,'Vic colour ref'!$D$2:$D$5,"") -> 00 | AO40: =_xlfn.XLOOKUP(H40,'Vic colour ref'!$A$2:$A$5,'Vic colour ref'!$D$2:$D$5,"") -> 00 | ... BM40: =_xlfn.XLOOKUP(AF40,'Vic colour ref'!$A$2:$A$5,'Vic colour ref'!$D$2:$D$5,"") -> 10 | BO40: =_xlfn.CONCAT(AH40:AK40) -> 00000011 | BP40: =_xlfn.CONCAT(AL40:AO40) -> 11110000 | BQ40: =_xlfn.CONCAT(AP40:AS40) -> 00000000 | BR40: =_xlfn.CONCAT(AT40:AW40) -> 11111100 | BS40: =_xlfn.CONCAT(AX40:BA40) -> 00001111 | BT40: =_xlfn.CONCAT(BB40:BE40) -> 11111010 | BU40: =_xlfn.CONCAT(BF40:BI40) -> 11111111 | BV40: =_xlfn.CONCAT(BJ40:BM40) -> 11111010 | BX40: =BIN2HEX(BO40,2) -> 03 | BY40: =BIN2HEX(BP40,2) -> F0 | BZ40: =BIN2HEX(BQ40,2) -> 00 | CA40: =BIN2HEX(BR40,2) -> FC | CB40: =BIN2HEX(BS40,2) -> 0F | CC40: =BIN2HEX(BT40,2) -> FA | CD40: =BIN2HEX(BU40,2) -> FF | CE40: =BIN2HEX(BV40,2) -> FA | CG40: {=TRANSPOSE(CE33:CE40)} -> FF | CH40: FF | CI40: FF | CJ40: FF | CK40: AF | CL40: AF | CM40: FA | CN40: FA | CP40: =LOWER("!byte $"&CG40&", $"&CH40&", $"&CI40&", $"&CJ40&", $"&CK40&", $"&CL40&", $"&CM40&", $"&CN40) -> !byte $ff, $ff, $ff, $ff, $af, $af, $fa, $fa
A41: 0 | B41: 0 | C41: 0 | D41: 3 | E41: 3 | F41: 3 | G41: 0 | H41: 0 | I41: 0 | J41: 0 | K41: 0 | L41: 0 | M41: 3 | N41: 3 | O41: 3 | P41: 0 | Q41: 0 | R41: 0 | S41: 0 | T41: 0 | U41: 3 | V41: 3 | W41: 3 | X41: 3 | Y41: 2 | Z41: 2 | AA41: 3 | AB41: 3 | AC41: 3 | AD41: 3 | AE41: 0 | AF41: 0 | AH41: =_xlfn.XLOOKUP(A41,'Vic colour ref'!$A$2:$A$5,'Vic colour ref'!$D$2:$D$5,"") -> 00 | AI41: =_xlfn.XLOOKUP(B41,'Vic colour ref'!$A$2:$A$5,'Vic colour ref'!$D$2:$D$5,"") -> 00 | AJ41: =_xlfn.XLOOKUP(C41,'Vic colour ref'!$A$2:$A$5,'Vic colour ref'!$D$2:$D$5,"") -> 00 | AK41: =_xlfn.XLOOKUP(D41,'Vic colour ref'!$A$2:$A$5,'Vic colour ref'!$D$2:$D$5,"") -> 11 | AL41: =_xlfn.XLOOKUP(E41,'Vic colour ref'!$A$2:$A$5,'Vic colour ref'!$D$2:$D$5,"") -> 11 | AM41: =_xlfn.XLOOKUP(F41,'Vic colour ref'!$A$2:$A$5,'Vic colour ref'!$D$2:$D$5,"") -> 11 | AN41: =_xlfn.XLOOKUP(G41,'Vic colour ref'!$A$2:$A$5,'Vic colour ref'!$D$2:$D$5,"") -> 00 | AO41: =_xlfn.XLOOKUP(H41,'Vic colour ref'!$A$2:$A$5,'Vic colour ref'!$D$2:$D$5,"") -> 00 | ... BM41: =_xlfn.XLOOKUP(AF41,'Vic colour ref'!$A$2:$A$5,'Vic colour ref'!$D$2:$D$5,"") -> 00 | BO41: =_xlfn.CONCAT(AH41:AK41) -> 00000011 | BP41: =_xlfn.CONCAT(AL41:AO41) -> 11110000 | BQ41: =_xlfn.CONCAT(AP41:AS41) -> 00000000 | BR41: =_xlfn.CONCAT(AT41:AW41) -> 11111100 | BS41: =_xlfn.CONCAT(AX41:BA41) -> 00000000 | BT41: =_xlfn.CONCAT(BB41:BE41) -> 11111111 | BU41: =_xlfn.CONCAT(BF41:BI41) -> 10101111 | BV41: =_xlfn.CONCAT(BJ41:BM41) -> 11110000 | BX41: =BIN2HEX(BO41,2) -> 03 | BY41: =BIN2HEX(BP41,2) -> F0 | BZ41: =BIN2HEX(BQ41,2) -> 00 | CA41: =BIN2HEX(BR41,2) -> FC | CB41: =BIN2HEX(BS41,2) -> 00 | CC41: =BIN2HEX(BT41,2) -> FF | CD41: =BIN2HEX(BU41,2) -> AF | CE41: =BIN2HEX(BV41,2) -> F0 | CG41: {=TRANSPOSE(BX41:BX48)} -> 03 | CH41: 03 | CI41: 03 | CJ41: 03 | CK41: 55 | CL41: 55 | CM41: 55 | CN41: 00 | CP41: =LOWER("!byte $"&CG41&", $"&CH41&", $"&CI41&", $"&CJ41&", $"&CK41&", $"&CL41&", $"&CM41&", $"&CN41) -> !byte $03, $03, $03, $03, $55, $55, $55, $00
A42: 0 | B42: 0 | C42: 0 | D42: 3 | E42: 3 | F42: 3 | G42: 0 | H42: 0 | I42: 0 | J42: 0 | K42: 0 | L42: 0 | M42: 3 | N42: 3 | O42: 3 | P42: 0 | Q42: 0 | R42: 0 | S42: 0 | T42: 0 | U42: 3 | V42: 3 | W42: 3 | X42: 3 | Y42: 2 | Z42: 2 | AA42: 3 | AB42: 3 | AC42: 3 | AD42: 3 | AE42: 0 | AF42: 0 | AH42: =_xlfn.XLOOKUP(A42,'Vic colour ref'!$A$2:$A$5,'Vic colour ref'!$D$2:$D$5,"") -> 00 | AI42: =_xlfn.XLOOKUP(B42,'Vic colour ref'!$A$2:$A$5,'Vic colour ref'!$D$2:$D$5,"") -> 00 | AJ42: =_xlfn.XLOOKUP(C42,'Vic colour ref'!$A$2:$A$5,'Vic colour ref'!$D$2:$D$5,"") -> 00 | AK42: =_xlfn.XLOOKUP(D42,'Vic colour ref'!$A$2:$A$5,'Vic colour ref'!$D$2:$D$5,"") -> 11 | AL42: =_xlfn.XLOOKUP(E42,'Vic colour ref'!$A$2:$A$5,'Vic colour ref'!$D$2:$D$5,"") -> 11 | AM42: =_xlfn.XLOOKUP(F42,'Vic colour ref'!$A$2:$A$5,'Vic colour ref'!$D$2:$D$5,"") -> 11 | AN42: =_xlfn.XLOOKUP(G42,'Vic colour ref'!$A$2:$A$5,'Vic colour ref'!$D$2:$D$5,"") -> 00 | AO42: =_xlfn.XLOOKUP(H42,'Vic colour ref'!$A$2:$A$5,'Vic colour ref'!$D$2:$D$5,"") -> 00 | ... BM42: =_xlfn.XLOOKUP(AF42,'Vic colour ref'!$A$2:$A$5,'Vic colour ref'!$D$2:$D$5,"") -> 00 | BO42: =_xlfn.CONCAT(AH42:AK42) -> 00000011 | BP42: =_xlfn.CONCAT(AL42:AO42) -> 11110000 | BQ42: =_xlfn.CONCAT(AP42:AS42) -> 00000000 | BR42: =_xlfn.CONCAT(AT42:AW42) -> 11111100 | BS42: =_xlfn.CONCAT(AX42:BA42) -> 00000000 | BT42: =_xlfn.CONCAT(BB42:BE42) -> 11111111 | BU42: =_xlfn.CONCAT(BF42:BI42) -> 10101111 | BV42: =_xlfn.CONCAT(BJ42:BM42) -> 11110000 | BX42: =BIN2HEX(BO42,2) -> 03 | BY42: =BIN2HEX(BP42,2) -> F0 | BZ42: =BIN2HEX(BQ42,2) -> 00 | CA42: =BIN2HEX(BR42,2) -> FC | CB42: =BIN2HEX(BS42,2) -> 00 | CC42: =BIN2HEX(BT42,2) -> FF | CD42: =BIN2HEX(BU42,2) -> AF | CE42: =BIN2HEX(BV42,2) -> F0 | CG42: {=TRANSPOSE(BY41:BY48)} -> F0 | CH42: F0 | CI42: F0 | CJ42: F0 | CK42: 50 | CL42: 50 | CM42: 50 | CN42: 00 | CP42: =LOWER("!byte $"&CG42&", $"&CH42&", $"&CI42&", $"&CJ42&", $"&CK42&", $"&CL42&", $"&CM42&", $"&CN42) -> !byte $f0, $f0, $f0, $f0, $50, $50, $50, $00
A43: 0 | B43: 0 | C43: 0 | D43: 3 | E43: 3 | F43: 3 | G43: 0 | H43: 0 | I43: 0 | J43: 0 | K43: 0 | L43: 0 | M43: 3 | N43: 3 | O43: 3 | P43: 0 | Q43: 0 | R43: 0 | S43: 0 | T43: 0 | U43: 3 | V43: 3 | W43: 3 | X43: 3 | Y43: 3 | Z43: 3 | AA43: 2 | AB43: 2 | AC43: 3 | AD43: 3 | AE43: 0 | AF43: 0 | AH43: =_xlfn.XLOOKUP(A43,'Vic colour ref'!$A$2:$A$5,'Vic colour ref'!$D$2:$D$5,"") -> 00 | AI43: =_xlfn.XLOOKUP(B43,'Vic colour ref'!$A$2:$A$5,'Vic colour ref'!$D$2:$D$5,"") -> 00 | AJ43: =_xlfn.XLOOKUP(C43,'Vic colour ref'!$A$2:$A$5,'Vic colour ref'!$D$2:$D$5,"") -> 00 | AK43: =_xlfn.XLOOKUP(D43,'Vic colour ref'!$A$2:$A$5,'Vic colour ref'!$D$2:$D$5,"") -> 11 | AL43: =_xlfn.XLOOKUP(E43,'Vic colour ref'!$A$2:$A$5,'Vic colour ref'!$D$2:$D$5,"") -> 11 | AM43: =_xlfn.XLOOKUP(F43,'Vic colour ref'!$A$2:$A$5,'Vic colour ref'!$D$2:$D$5,"") -> 11 | AN43: =_xlfn.XLOOKUP(G43,'Vic colour ref'!$A$2:$A$5,'Vic colour ref'!$D$2:$D$5,"") -> 00 | AO43: =_xlfn.XLOOKUP(H43,'Vic colour ref'!$A$2:$A$5,'Vic colour ref'!$D$2:$D$5,"") -> 00 | ... BM43: =_xlfn.XLOOKUP(AF43,'Vic colour ref'!$A$2:$A$5,'Vic colour ref'!$D$2:$D$5,"") -> 00 | BO43: =_xlfn.CONCAT(AH43:AK43) -> 00000011 | BP43: =_xlfn.CONCAT(AL43:AO43) -> 11110000 | BQ43: =_xlfn.CONCAT(AP43:AS43) -> 00000000 | BR43: =_xlfn.CONCAT(AT43:AW43) -> 11111100 | BS43: =_xlfn.CONCAT(AX43:BA43) -> 00000000 | BT43: =_xlfn.CONCAT(BB43:BE43) -> 11111111 | BU43: =_xlfn.CONCAT(BF43:BI43) -> 11111010 | BV43: =_xlfn.CONCAT(BJ43:BM43) -> 11110000 | BX43: =BIN2HEX(BO43,2) -> 03 | BY43: =BIN2HEX(BP43,2) -> F0 | BZ43: =BIN2HEX(BQ43,2) -> 00 | CA43: =BIN2HEX(BR43,2) -> FC | CB43: =BIN2HEX(BS43,2) -> 00 | CC43: =BIN2HEX(BT43,2) -> FF | CD43: =BIN2HEX(BU43,2) -> FA | CE43: =BIN2HEX(BV43,2) -> F0 | CG43: {=TRANSPOSE(BZ41:BZ48)} -> 00 | CH43: 00 | CI43: 00 | CJ43: 00 | CK43: 00 | CL43: 00 | CM43: 00 | CN43: 00 | CP43: =LOWER("!byte $"&CG43&", $"&CH43&", $"&CI43&", $"&CJ43&", $"&CK43&", $"&CL43&", $"&CM43&", $"&CN43) -> !byte $00, $00, $00, $00, $00, $00, $00, $00
A44: 0 | B44: 0 | C44: 0 | D44: 3 | E44: 3 | F44: 3 | G44: 0 | H44: 0 | I44: 0 | J44: 0 | K44: 0 | L44: 0 | M44: 3 | N44: 3 | O44: 3 | P44: 0 | Q44: 0 | R44: 0 | S44: 0 | T44: 0 | U44: 3 | V44: 3 | W44: 3 | X44: 3 | Y44: 3 | Z44: 3 | AA44: 2 | AB44: 2 | AC44: 3 | AD44: 3 | AE44: 0 | AF44: 0 | AH44: =_xlfn.XLOOKUP(A44,'Vic colour ref'!$A$2:$A$5,'Vic colour ref'!$D$2:$D$5,"") -> 00 | AI44: =_xlfn.XLOOKUP(B44,'Vic colour ref'!$A$2:$A$5,'Vic colour ref'!$D$2:$D$5,"") -> 00 | AJ44: =_xlfn.XLOOKUP(C44,'Vic colour ref'!$A$2:$A$5,'Vic colour ref'!$D$2:$D$5,"") -> 00 | AK44: =_xlfn.XLOOKUP(D44,'Vic colour ref'!$A$2:$A$5,'Vic colour ref'!$D$2:$D$5,"") -> 11 | AL44: =_xlfn.XLOOKUP(E44,'Vic colour ref'!$A$2:$A$5,'Vic colour ref'!$D$2:$D$5,"") -> 11 | AM44: =_xlfn.XLOOKUP(F44,'Vic colour ref'!$A$2:$A$5,'Vic colour ref'!$D$2:$D$5,"") -> 11 | AN44: =_xlfn.XLOOKUP(G44,'Vic colour ref'!$A$2:$A$5,'Vic colour ref'!$D$2:$D$5,"") -> 00 | AO44: =_xlfn.XLOOKUP(H44,'Vic colour ref'!$A$2:$A$5,'Vic colour ref'!$D$2:$D$5,"") -> 00 | ... BM44: =_xlfn.XLOOKUP(AF44,'Vic colour ref'!$A$2:$A$5,'Vic colour ref'!$D$2:$D$5,"") -> 00 | BO44: =_xlfn.CONCAT(AH44:AK44) -> 00000011 | BP44: =_xlfn.CONCAT(AL44:AO44) -> 11110000 | BQ44: =_xlfn.CONCAT(AP44:AS44) -> 00000000 | BR44: =_xlfn.CONCAT(AT44:AW44) -> 11111100 | BS44: =_xlfn.CONCAT(AX44:BA44) -> 00000000 | BT44: =_xlfn.CONCAT(BB44:BE44) -> 11111111 | BU44: =_xlfn.CONCAT(BF44:BI44) -> 11111010 | BV44: =_xlfn.CONCAT(BJ44:BM44) -> 11110000 | BX44: =BIN2HEX(BO44,2) -> 03 | BY44: =BIN2HEX(BP44,2) -> F0 | BZ44: =BIN2HEX(BQ44,2) -> 00 | CA44: =BIN2HEX(BR44,2) -> FC | CB44: =BIN2HEX(BS44,2) -> 00 | CC44: =BIN2HEX(BT44,2) -> FF | CD44: =BIN2HEX(BU44,2) -> FA | CE44: =BIN2HEX(BV44,2) -> F0 | CG44: {=TRANSPOSE(CA41:CA48)} -> FC | CH44: FC | CI44: FC | CJ44: FC | CK44: 55 | CL44: 55 | CM44: 55 | CN44: 00 | CP44: =LOWER("!byte $"&CG44&", $"&CH44&", $"&CI44&", $"&CJ44&", $"&CK44&", $"&CL44&", $"&CM44&", $"&CN44) -> !byte $fc, $fc, $fc, $fc, $55, $55, $55, $00
A45: 1 | B45: 1 | C45: 1 | D45: 1 | E45: 1 | F45: 1 | G45: 0 | H45: 0 | I45: 0 | J45: 0 | K45: 0 | L45: 0 | M45: 1 | N45: 1 | O45: 1 | P45: 1 | Q45: 1 | R45: 1 | S45: 0 | T45: 0 | U45: 0 | V45: 0 | W45: 3 | X45: 3 | Y45: 3 | Z45: 3 | AA45: 3 | AB45: 3 | AC45: 0 | AD45: 0 | AE45: 0 | AF45: 0 | AH45: =_xlfn.XLOOKUP(A45,'Vic colour ref'!$A$2:$A$5,'Vic colour ref'!$D$2:$D$5,"") -> 01 | AI45: =_xlfn.XLOOKUP(B45,'Vic colour ref'!$A$2:$A$5,'Vic colour ref'!$D$2:$D$5,"") -> 01 | AJ45: =_xlfn.XLOOKUP(C45,'Vic colour ref'!$A$2:$A$5,'Vic colour ref'!$D$2:$D$5,"") -> 01 | AK45: =_xlfn.XLOOKUP(D45,'Vic colour ref'!$A$2:$A$5,'Vic colour ref'!$D$2:$D$5,"") -> 01 | AL45: =_xlfn.XLOOKUP(E45,'Vic colour ref'!$A$2:$A$5,'Vic colour ref'!$D$2:$D$5,"") -> 01 | AM45: =_xlfn.XLOOKUP(F45,'Vic colour ref'!$A$2:$A$5,'Vic colour ref'!$D$2:$D$5,"") -> 01 | AN45: =_xlfn.XLOOKUP(G45,'Vic colour ref'!$A$2:$A$5,'Vic colour ref'!$D$2:$D$5,"") -> 00 | AO45: =_xlfn.XLOOKUP(H45,'Vic colour ref'!$A$2:$A$5,'Vic colour ref'!$D$2:$D$5,"") -> 00 | ... BM45: =_xlfn.XLOOKUP(AF45,'Vic colour ref'!$A$2:$A$5,'Vic colour ref'!$D$2:$D$5,"") -> 00 | BO45: =_xlfn.CONCAT(AH45:AK45) -> 01010101 | BP45: =_xlfn.CONCAT(AL45:AO45) -> 01010000 | BQ45: =_xlfn.CONCAT(AP45:AS45) -> 00000000 | BR45: =_xlfn.CONCAT(AT45:AW45) -> 01010101 | BS45: =_xlfn.CONCAT(AX45:BA45) -> 01010000 | BT45: =_xlfn.CONCAT(BB45:BE45) -> 00001111 | BU45: =_xlfn.CONCAT(BF45:BI45) -> 11111111 | BV45: =_xlfn.CONCAT(BJ45:BM45) -> 00000000 | BX45: =BIN2HEX(BO45,2) -> 55 | BY45: =BIN2HEX(BP45,2) -> 50 | BZ45: =BIN2HEX(BQ45,2) -> 00 | CA45: =BIN2HEX(BR45,2) -> 55 | CB45: =BIN2HEX(BS45,2) -> 50 | CC45: =BIN2HEX(BT45,2) -> 0F | CD45: =BIN2HEX(BU45,2) -> FF | CE45: =BIN2HEX(BV45,2) -> 00 | CG45: {=TRANSPOSE(CB41:CB48)} -> 00 | CH45: 00 | CI45: 00 | CJ45: 00 | CK45: 50 | CL45: 50 | CM45: 50 | CN45: 00 | CP45: =LOWER("!byte $"&CG45&", $"&CH45&", $"&CI45&", $"&CJ45&", $"&CK45&", $"&CL45&", $"&CM45&", $"&CN45) -> !byte $00, $00, $00, $00, $50, $50, $50, $00
A46: 1 | B46: 1 | C46: 1 | D46: 1 | E46: 1 | F46: 1 | G46: 0 | H46: 0 | I46: 0 | J46: 0 | K46: 0 | L46: 0 | M46: 1 | N46: 1 | O46: 1 | P46: 1 | Q46: 1 | R46: 1 | S46: 0 | T46: 0 | U46: 0 | V46: 0 | W46: 3 | X46: 3 | Y46: 3 | Z46: 3 | AA46: 3 | AB46: 3 | AC46: 0 | AD46: 0 | AE46: 0 | AF46: 0 | AH46: =_xlfn.XLOOKUP(A46,'Vic colour ref'!$A$2:$A$5,'Vic colour ref'!$D$2:$D$5,"") -> 01 | AI46: =_xlfn.XLOOKUP(B46,'Vic colour ref'!$A$2:$A$5,'Vic colour ref'!$D$2:$D$5,"") -> 01 | AJ46: =_xlfn.XLOOKUP(C46,'Vic colour ref'!$A$2:$A$5,'Vic colour ref'!$D$2:$D$5,"") -> 01 | AK46: =_xlfn.XLOOKUP(D46,'Vic colour ref'!$A$2:$A$5,'Vic colour ref'!$D$2:$D$5,"") -> 01 | AL46: =_xlfn.XLOOKUP(E46,'Vic colour ref'!$A$2:$A$5,'Vic colour ref'!$D$2:$D$5,"") -> 01 | AM46: =_xlfn.XLOOKUP(F46,'Vic colour ref'!$A$2:$A$5,'Vic colour ref'!$D$2:$D$5,"") -> 01 | AN46: =_xlfn.XLOOKUP(G46,'Vic colour ref'!$A$2:$A$5,'Vic colour ref'!$D$2:$D$5,"") -> 00 | AO46: =_xlfn.XLOOKUP(H46,'Vic colour ref'!$A$2:$A$5,'Vic colour ref'!$D$2:$D$5,"") -> 00 | ... BM46: =_xlfn.XLOOKUP(AF46,'Vic colour ref'!$A$2:$A$5,'Vic colour ref'!$D$2:$D$5,"") -> 00 | BO46: =_xlfn.CONCAT(AH46:AK46) -> 01010101 | BP46: =_xlfn.CONCAT(AL46:AO46) -> 01010000 | BQ46: =_xlfn.CONCAT(AP46:AS46) -> 00000000 | BR46: =_xlfn.CONCAT(AT46:AW46) -> 01010101 | BS46: =_xlfn.CONCAT(AX46:BA46) -> 01010000 | BT46: =_xlfn.CONCAT(BB46:BE46) -> 00001111 | BU46: =_xlfn.CONCAT(BF46:BI46) -> 11111111 | BV46: =_xlfn.CONCAT(BJ46:BM46) -> 00000000 | BX46: =BIN2HEX(BO46,2) -> 55 | BY46: =BIN2HEX(BP46,2) -> 50 | BZ46: =BIN2HEX(BQ46,2) -> 00 | CA46: =BIN2HEX(BR46,2) -> 55 | CB46: =BIN2HEX(BS46,2) -> 50 | CC46: =BIN2HEX(BT46,2) -> 0F | CD46: =BIN2HEX(BU46,2) -> FF | CE46: =BIN2HEX(BV46,2) -> 00 | CG46: {=TRANSPOSE(CC41:CC48)} -> FF | CH46: FF | CI46: FF | CJ46: FF | CK46: 0F | CL46: 0F | CM46: 0A | CN46: 0A | CP46: =LOWER("!byte $"&CG46&", $"&CH46&", $"&CI46&", $"&CJ46&", $"&CK46&", $"&CL46&", $"&CM46&", $"&CN46) -> !byte $ff, $ff, $ff, $ff, $0f, $0f, $0a, $0a
A47: 1 | B47: 1 | C47: 1 | D47: 1 | E47: 1 | F47: 1 | G47: 0 | H47: 0 | I47: 0 | J47: 0 | K47: 0 | L47: 0 | M47: 1 | N47: 1 | O47: 1 | P47: 1 | Q47: 1 | R47: 1 | S47: 0 | T47: 0 | U47: 0 | V47: 0 | W47: 2 | X47: 2 | Y47: 3 | Z47: 3 | AA47: 3 | AB47: 3 | AC47: 0 | AD47: 0 | AE47: 0 | AF47: 0 | AH47: =_xlfn.XLOOKUP(A47,'Vic colour ref'!$A$2:$A$5,'Vic colour ref'!$D$2:$D$5,"") -> 01 | AI47: =_xlfn.XLOOKUP(B47,'Vic colour ref'!$A$2:$A$5,'Vic colour ref'!$D$2:$D$5,"") -> 01 | AJ47: =_xlfn.XLOOKUP(C47,'Vic colour ref'!$A$2:$A$5,'Vic colour ref'!$D$2:$D$5,"") -> 01 | AK47: =_xlfn.XLOOKUP(D47,'Vic colour ref'!$A$2:$A$5,'Vic colour ref'!$D$2:$D$5,"") -> 01 | AL47: =_xlfn.XLOOKUP(E47,'Vic colour ref'!$A$2:$A$5,'Vic colour ref'!$D$2:$D$5,"") -> 01 | AM47: =_xlfn.XLOOKUP(F47,'Vic colour ref'!$A$2:$A$5,'Vic colour ref'!$D$2:$D$5,"") -> 01 | AN47: =_xlfn.XLOOKUP(G47,'Vic colour ref'!$A$2:$A$5,'Vic colour ref'!$D$2:$D$5,"") -> 00 | AO47: =_xlfn.XLOOKUP(H47,'Vic colour ref'!$A$2:$A$5,'Vic colour ref'!$D$2:$D$5,"") -> 00 | ... BM47: =_xlfn.XLOOKUP(AF47,'Vic colour ref'!$A$2:$A$5,'Vic colour ref'!$D$2:$D$5,"") -> 00 | BO47: =_xlfn.CONCAT(AH47:AK47) -> 01010101 | BP47: =_xlfn.CONCAT(AL47:AO47) -> 01010000 | BQ47: =_xlfn.CONCAT(AP47:AS47) -> 00000000 | BR47: =_xlfn.CONCAT(AT47:AW47) -> 01010101 | BS47: =_xlfn.CONCAT(AX47:BA47) -> 01010000 | BT47: =_xlfn.CONCAT(BB47:BE47) -> 00001010 | BU47: =_xlfn.CONCAT(BF47:BI47) -> 11111111 | BV47: =_xlfn.CONCAT(BJ47:BM47) -> 00000000 | BX47: =BIN2HEX(BO47,2) -> 55 | BY47: =BIN2HEX(BP47,2) -> 50 | BZ47: =BIN2HEX(BQ47,2) -> 00 | CA47: =BIN2HEX(BR47,2) -> 55 | CB47: =BIN2HEX(BS47,2) -> 50 | CC47: =BIN2HEX(BT47,2) -> 0A | CD47: =BIN2HEX(BU47,2) -> FF | CE47: =BIN2HEX(BV47,2) -> 00 | CG47: {=TRANSPOSE(CD41:CD48)} -> AF | CH47: AF | CI47: FA | CJ47: FA | CK47: FF | CL47: FF | CM47: FF | CN47: FF | CP47: =LOWER("!byte $"&CG47&", $"&CH47&", $"&CI47&", $"&CJ47&", $"&CK47&", $"&CL47&", $"&CM47&", $"&CN47) -> !byte $af, $af, $fa, $fa, $ff, $ff, $ff, $ff
A48: 0 | B48: 0 | C48: 0 | D48: 0 | E48: 0 | F48: 0 | G48: 0 | H48: 0 | I48: 0 | J48: 0 | K48: 0 | L48: 0 | M48: 0 | N48: 0 | O48: 0 | P48: 0 | Q48: 0 | R48: 0 | S48: 0 | T48: 0 | U48: 0 | V48: 0 | W48: 2 | X48: 2 | Y48: 3 | Z48: 3 | AA48: 3 | AB48: 3 | AC48: 0 | AD48: 0 | AE48: 0 | AF48: 0 | AH48: =_xlfn.XLOOKUP(A48,'Vic colour ref'!$A$2:$A$5,'Vic colour ref'!$D$2:$D$5,"") -> 00 | AI48: =_xlfn.XLOOKUP(B48,'Vic colour ref'!$A$2:$A$5,'Vic colour ref'!$D$2:$D$5,"") -> 00 | AJ48: =_xlfn.XLOOKUP(C48,'Vic colour ref'!$A$2:$A$5,'Vic colour ref'!$D$2:$D$5,"") -> 00 | AK48: =_xlfn.XLOOKUP(D48,'Vic colour ref'!$A$2:$A$5,'Vic colour ref'!$D$2:$D$5,"") -> 00 | AL48: =_xlfn.XLOOKUP(E48,'Vic colour ref'!$A$2:$A$5,'Vic colour ref'!$D$2:$D$5,"") -> 00 | AM48: =_xlfn.XLOOKUP(F48,'Vic colour ref'!$A$2:$A$5,'Vic colour ref'!$D$2:$D$5,"") -> 00 | AN48: =_xlfn.XLOOKUP(G48,'Vic colour ref'!$A$2:$A$5,'Vic colour ref'!$D$2:$D$5,"") -> 00 | AO48: =_xlfn.XLOOKUP(H48,'Vic colour ref'!$A$2:$A$5,'Vic colour ref'!$D$2:$D$5,"") -> 00 | ... BM48: =_xlfn.XLOOKUP(AF48,'Vic colour ref'!$A$2:$A$5,'Vic colour ref'!$D$2:$D$5,"") -> 00 | BO48: =_xlfn.CONCAT(AH48:AK48) -> 00000000 | BP48: =_xlfn.CONCAT(AL48:AO48) -> 00000000 | BQ48: =_xlfn.CONCAT(AP48:AS48) -> 00000000 | BR48: =_xlfn.CONCAT(AT48:AW48) -> 00000000 | BS48: =_xlfn.CONCAT(AX48:BA48) -> 00000000 | BT48: =_xlfn.CONCAT(BB48:BE48) -> 00001010 | BU48: =_xlfn.CONCAT(BF48:BI48) -> 11111111 | BV48: =_xlfn.CONCAT(BJ48:BM48) -> 00000000 | BX48: =BIN2HEX(BO48,2) -> 00 | BY48: =BIN2HEX(BP48,2) -> 00 | BZ48: =BIN2HEX(BQ48,2) -> 00 | CA48: =BIN2HEX(BR48,2) -> 00 | CB48: =BIN2HEX(BS48,2) -> 00 | CC48: =BIN2HEX(BT48,2) -> 0A | CD48: =BIN2HEX(BU48,2) -> FF | CE48: =BIN2HEX(BV48,2) -> 00 | CG48: {=TRANSPOSE(CE41:CE48)} -> F0 | CH48: F0 | CI48: F0 | CJ48: F0 | CK48: 00 | CL48: 00 | CM48: 00 | CN48: 00 | CP48: =LOWER("!byte $"&CG48&", $"&CH48&", $"&CI48&", $"&CJ48&", $"&CK48&", $"&CL48&", $"&CM48&", $"&CN48) -> !byte $f0, $f0, $f0, $f0, $00, $00, $00, $00
A49: 0 | B49: 0 | C49: 0 | D49: 0 | E49: 0 | F49: 0 | G49: 0 | H49: 0 | I49: 0 | J49: 0 | K49: 0 | L49: 0 | M49: 0 | N49: 0 | O49: 0 | P49: 0 | Q49: 0 | R49: 0 | S49: 0 | T49: 0 | U49: 0 | V49: 0 | W49: 0 | X49: 0 | Y49: 2 | Z49: 2 | AA49: 0 | AB49: 0 | AC49: 0 | AD49: 0 | AE49: 0 | AF49: 0 | AH49: =_xlfn.XLOOKUP(A49,'Vic colour ref'!$A$2:$A$5,'Vic colour ref'!$D$2:$D$5,"") -> 00 | AI49: =_xlfn.XLOOKUP(B49,'Vic colour ref'!$A$2:$A$5,'Vic colour ref'!$D$2:$D$5,"") -> 00 | AJ49: =_xlfn.XLOOKUP(C49,'Vic colour ref'!$A$2:$A$5,'Vic colour ref'!$D$2:$D$5,"") -> 00 | AK49: =_xlfn.XLOOKUP(D49,'Vic colour ref'!$A$2:$A$5,'Vic colour ref'!$D$2:$D$5,"") -> 00 | AL49: =_xlfn.XLOOKUP(E49,'Vic colour ref'!$A$2:$A$5,'Vic colour ref'!$D$2:$D$5,"") -> 00 | AM49: =_xlfn.XLOOKUP(F49,'Vic colour ref'!$A$2:$A$5,'Vic colour ref'!$D$2:$D$5,"") -> 00 | AN49: =_xlfn.XLOOKUP(G49,'Vic colour ref'!$A$2:$A$5,'Vic colour ref'!$D$2:$D$5,"") -> 00 | AO49: =_xlfn.XLOOKUP(H49,'Vic colour ref'!$A$2:$A$5,'Vic colour ref'!$D$2:$D$5,"") -> 00 | ... BM49: =_xlfn.XLOOKUP(AF49,'Vic colour ref'!$A$2:$A$5,'Vic colour ref'!$D$2:$D$5,"") -> 00 | BO49: =_xlfn.CONCAT(AH49:AK49) -> 00000000 | BP49: =_xlfn.CONCAT(AL49:AO49) -> 00000000 | BQ49: =_xlfn.CONCAT(AP49:AS49) -> 00000000 | BR49: =_xlfn.CONCAT(AT49:AW49) -> 00000000 | BS49: =_xlfn.CONCAT(AX49:BA49) -> 00000000 | BT49: =_xlfn.CONCAT(BB49:BE49) -> 00000000 | BU49: =_xlfn.CONCAT(BF49:BI49) -> 10100000 | BV49: =_xlfn.CONCAT(BJ49:BM49) -> 00000000 | BX49: =BIN2HEX(BO49,2) -> 00 | BY49: =BIN2HEX(BP49,2) -> 00 | BZ49: =BIN2HEX(BQ49,2) -> 00 | CA49: =BIN2HEX(BR49,2) -> 00 | CB49: =BIN2HEX(BS49,2) -> 00 | CC49: =BIN2HEX(BT49,2) -> 00 | CD49: =BIN2HEX(BU49,2) -> A0 | CE49: =BIN2HEX(BV49,2) -> 00 | CG49: {=TRANSPOSE(BX49:BX56)} -> 00 | CH49: 00 | CI49: 00 | CJ49: 00 | CK49: 00 | CL49: 00 | CM49: 00 | CN49: 00 | CP49: =LOWER("!byte $"&CG49&", $"&CH49&", $"&CI49&", $"&CJ49&", $"&CK49&", $"&CL49&", $"&CM49&", $"&CN49) -> !byte $00, $00, $00, $00, $00, $00, $00, $00
A50: 0 | B50: 0 | C50: 0 | D50: 0 | E50: 0 | F50: 0 | G50: 0 | H50: 0 | I50: 0 | J50: 0 | K50: 0 | L50: 0 | M50: 0 | N50: 0 | O50: 0 | P50: 0 | Q50: 0 | R50: 0 | S50: 0 | T50: 0 | U50: 0 | V50: 0 | W50: 0 | X50: 0 | Y50: 2 | Z50: 2 | AA50: 0 | AB50: 0 | AC50: 0 | AD50: 0 | AE50: 0 | AF50: 0 | AH50: =_xlfn.XLOOKUP(A50,'Vic colour ref'!$A$2:$A$5,'Vic colour ref'!$D$2:$D$5,"") -> 00 | AI50: =_xlfn.XLOOKUP(B50,'Vic colour ref'!$A$2:$A$5,'Vic colour ref'!$D$2:$D$5,"") -> 00 | AJ50: =_xlfn.XLOOKUP(C50,'Vic colour ref'!$A$2:$A$5,'Vic colour ref'!$D$2:$D$5,"") -> 00 | AK50: =_xlfn.XLOOKUP(D50,'Vic colour ref'!$A$2:$A$5,'Vic colour ref'!$D$2:$D$5,"") -> 00 | AL50: =_xlfn.XLOOKUP(E50,'Vic colour ref'!$A$2:$A$5,'Vic colour ref'!$D$2:$D$5,"") -> 00 | AM50: =_xlfn.XLOOKUP(F50,'Vic colour ref'!$A$2:$A$5,'Vic colour ref'!$D$2:$D$5,"") -> 00 | AN50: =_xlfn.XLOOKUP(G50,'Vic colour ref'!$A$2:$A$5,'Vic colour ref'!$D$2:$D$5,"") -> 00 | AO50: =_xlfn.XLOOKUP(H50,'Vic colour ref'!$A$2:$A$5,'Vic colour ref'!$D$2:$D$5,"") -> 00 | ... BM50: =_xlfn.XLOOKUP(AF50,'Vic colour ref'!$A$2:$A$5,'Vic colour ref'!$D$2:$D$5,"") -> 00 | BO50: =_xlfn.CONCAT(AH50:AK50) -> 00000000 | BP50: =_xlfn.CONCAT(AL50:AO50) -> 00000000 | BQ50: =_xlfn.CONCAT(AP50:AS50) -> 00000000 | BR50: =_xlfn.CONCAT(AT50:AW50) -> 00000000 | BS50: =_xlfn.CONCAT(AX50:BA50) -> 00000000 | BT50: =_xlfn.CONCAT(BB50:BE50) -> 00000000 | BU50: =_xlfn.CONCAT(BF50:BI50) -> 10100000 | BV50: =_xlfn.CONCAT(BJ50:BM50) -> 00000000 | BX50: =BIN2HEX(BO50,2) -> 00 | BY50: =BIN2HEX(BP50,2) -> 00 | BZ50: =BIN2HEX(BQ50,2) -> 00 | CA50: =BIN2HEX(BR50,2) -> 00 | CB50: =BIN2HEX(BS50,2) -> 00 | CC50: =BIN2HEX(BT50,2) -> 00 | CD50: =BIN2HEX(BU50,2) -> A0 | CE50: =BIN2HEX(BV50,2) -> 00 | CG50: {=TRANSPOSE(BY49:BY56)} -> 00 | CH50: 00 | CI50: 00 | CJ50: 00 | CK50: 00 | CL50: 00 | CM50: 00 | CN50: 00 | CP50: =LOWER("!byte $"&CG50&", $"&CH50&", $"&CI50&", $"&CJ50&", $"&CK50&", $"&CL50&", $"&CM50&", $"&CN50) -> !byte $00, $00, $00, $00, $00, $00, $00, $00
A51: 0 | B51: 0 | C51: 0 | D51: 0 | E51: 0 | F51: 0 | G51: 0 | H51: 0 | I51: 0 | J51: 0 | K51: 0 | L51: 0 | M51: 0 | N51: 0 | O51: 0 | P51: 0 | Q51: 0 | R51: 0 | S51: 0 | T51: 0 | U51: 0 | V51: 0 | W51: 0 | X51: 0 | Y51: 3 | Z51: 3 | AA51: 0 | AB51: 0 | AC51: 0 | AD51: 0 | AE51: 0 | AF51: 0 | AH51: =_xlfn.XLOOKUP(A51,'Vic colour ref'!$A$2:$A$5,'Vic colour ref'!$D$2:$D$5,"") -> 00 | AI51: =_xlfn.XLOOKUP(B51,'Vic colour ref'!$A$2:$A$5,'Vic colour ref'!$D$2:$D$5,"") -> 00 | AJ51: =_xlfn.XLOOKUP(C51,'Vic colour ref'!$A$2:$A$5,'Vic colour ref'!$D$2:$D$5,"") -> 00 | AK51: =_xlfn.XLOOKUP(D51,'Vic colour ref'!$A$2:$A$5,'Vic colour ref'!$D$2:$D$5,"") -> 00 | AL51: =_xlfn.XLOOKUP(E51,'Vic colour ref'!$A$2:$A$5,'Vic colour ref'!$D$2:$D$5,"") -> 00 | AM51: =_xlfn.XLOOKUP(F51,'Vic colour ref'!$A$2:$A$5,'Vic colour ref'!$D$2:$D$5,"") -> 00 | AN51: =_xlfn.XLOOKUP(G51,'Vic colour ref'!$A$2:$A$5,'Vic colour ref'!$D$2:$D$5,"") -> 00 | AO51: =_xlfn.XLOOKUP(H51,'Vic colour ref'!$A$2:$A$5,'Vic colour ref'!$D$2:$D$5,"") -> 00 | ... BM51: =_xlfn.XLOOKUP(AF51,'Vic colour ref'!$A$2:$A$5,'Vic colour ref'!$D$2:$D$5,"") -> 00 | BO51: =_xlfn.CONCAT(AH51:AK51) -> 00000000 | BP51: =_xlfn.CONCAT(AL51:AO51) -> 00000000 | BQ51: =_xlfn.CONCAT(AP51:AS51) -> 00000000 | BR51: =_xlfn.CONCAT(AT51:AW51) -> 00000000 | BS51: =_xlfn.CONCAT(AX51:BA51) -> 00000000 | BT51: =_xlfn.CONCAT(BB51:BE51) -> 00000000 | BU51: =_xlfn.CONCAT(BF51:BI51) -> 11110000 | BV51: =_xlfn.CONCAT(BJ51:BM51) -> 00000000 | BX51: =BIN2HEX(BO51,2) -> 00 | BY51: =BIN2HEX(BP51,2) -> 00 | BZ51: =BIN2HEX(BQ51,2) -> 00 | CA51: =BIN2HEX(BR51,2) -> 00 | CB51: =BIN2HEX(BS51,2) -> 00 | CC51: =BIN2HEX(BT51,2) -> 00 | CD51: =BIN2HEX(BU51,2) -> F0 | CE51: =BIN2HEX(BV51,2) -> 00 | CG51: {=TRANSPOSE(BZ49:BZ56)} -> 00 | CH51: 00 | CI51: 00 | CJ51: 00 | CK51: 00 | CL51: 00 | CM51: 00 | CN51: 00 | CP51: =LOWER("!byte $"&CG51&", $"&CH51&", $"&CI51&", $"&CJ51&", $"&CK51&", $"&CL51&", $"&CM51&", $"&CN51) -> !byte $00, $00, $00, $00, $00, $00, $00, $00
A52: 0 | B52: 0 | C52: 0 | D52: 0 | E52: 0 | F52: 0 | G52: 0 | H52: 0 | I52: 0 | J52: 0 | K52: 0 | L52: 0 | M52: 0 | N52: 0 | O52: 0 | P52: 0 | Q52: 0 | R52: 0 | S52: 0 | T52: 0 | U52: 0 | V52: 0 | W52: 0 | X52: 0 | Y52: 3 | Z52: 3 | AA52: 0 | AB52: 0 | AC52: 0 | AD52: 0 | AE52: 0 | AF52: 0 | AH52: =_xlfn.XLOOKUP(A52,'Vic colour ref'!$A$2:$A$5,'Vic colour ref'!$D$2:$D$5,"") -> 00 | AI52: =_xlfn.XLOOKUP(B52,'Vic colour ref'!$A$2:$A$5,'Vic colour ref'!$D$2:$D$5,"") -> 00 | AJ52: =_xlfn.XLOOKUP(C52,'Vic colour ref'!$A$2:$A$5,'Vic colour ref'!$D$2:$D$5,"") -> 00 | AK52: =_xlfn.XLOOKUP(D52,'Vic colour ref'!$A$2:$A$5,'Vic colour ref'!$D$2:$D$5,"") -> 00 | AL52: =_xlfn.XLOOKUP(E52,'Vic colour ref'!$A$2:$A$5,'Vic colour ref'!$D$2:$D$5,"") -> 00 | AM52: =_xlfn.XLOOKUP(F52,'Vic colour ref'!$A$2:$A$5,'Vic colour ref'!$D$2:$D$5,"") -> 00 | AN52: =_xlfn.XLOOKUP(G52,'Vic colour ref'!$A$2:$A$5,'Vic colour ref'!$D$2:$D$5,"") -> 00 | AO52: =_xlfn.XLOOKUP(H52,'Vic colour ref'!$A$2:$A$5,'Vic colour ref'!$D$2:$D$5,"") -> 00 | ... BM52: =_xlfn.XLOOKUP(AF52,'Vic colour ref'!$A$2:$A$5,'Vic colour ref'!$D$2:$D$5,"") -> 00 | BO52: =_xlfn.CONCAT(AH52:AK52) -> 00000000 | BP52: =_xlfn.CONCAT(AL52:AO52) -> 00000000 | BQ52: =_xlfn.CONCAT(AP52:AS52) -> 00000000 | BR52: =_xlfn.CONCAT(AT52:AW52) -> 00000000 | BS52: =_xlfn.CONCAT(AX52:BA52) -> 00000000 | BT52: =_xlfn.CONCAT(BB52:BE52) -> 00000000 | BU52: =_xlfn.CONCAT(BF52:BI52) -> 11110000 | BV52: =_xlfn.CONCAT(BJ52:BM52) -> 00000000 | BX52: =BIN2HEX(BO52,2) -> 00 | BY52: =BIN2HEX(BP52,2) -> 00 | BZ52: =BIN2HEX(BQ52,2) -> 00 | CA52: =BIN2HEX(BR52,2) -> 00 | CB52: =BIN2HEX(BS52,2) -> 00 | CC52: =BIN2HEX(BT52,2) -> 00 | CD52: =BIN2HEX(BU52,2) -> F0 | CE52: =BIN2HEX(BV52,2) -> 00 | CG52: {=TRANSPOSE(CA49:CA56)} -> 00 | CH52: 00 | CI52: 00 | CJ52: 00 | CK52: 00 | CL52: 00 | CM52: 00 | CN52: 00 | CP52: =LOWER("!byte $"&CG52&", $"&CH52&", $"&CI52&", $"&CJ52&", $"&CK52&", $"&CL52&", $"&CM52&", $"&CN52) -> !byte $00, $00, $00, $00, $00, $00, $00, $00
A53: 0 | B53: 0 | C53: 0 | D53: 0 | E53: 0 | F53: 0 | G53: 0 | H53: 0 | I53: 0 | J53: 0 | K53: 0 | L53: 0 | M53: 0 | N53: 0 | O53: 0 | P53: 0 | Q53: 0 | R53: 0 | S53: 0 | T53: 0 | U53: 0 | V53: 0 | W53: 0 | X53: 0 | Y53: 0 | Z53: 0 | AA53: 0 | AB53: 0 | AC53: 0 | AD53: 0 | AE53: 0 | AF53: 0 | AH53: =_xlfn.XLOOKUP(A53,'Vic colour ref'!$A$2:$A$5,'Vic colour ref'!$D$2:$D$5,"") -> 00 | AI53: =_xlfn.XLOOKUP(B53,'Vic colour ref'!$A$2:$A$5,'Vic colour ref'!$D$2:$D$5,"") -> 00 | AJ53: =_xlfn.XLOOKUP(C53,'Vic colour ref'!$A$2:$A$5,'Vic colour ref'!$D$2:$D$5,"") -> 00 | AK53: =_xlfn.XLOOKUP(D53,'Vic colour ref'!$A$2:$A$5,'Vic colour ref'!$D$2:$D$5,"") -> 00 | AL53: =_xlfn.XLOOKUP(E53,'Vic colour ref'!$A$2:$A$5,'Vic colour ref'!$D$2:$D$5,"") -> 00 | AM53: =_xlfn.XLOOKUP(F53,'Vic colour ref'!$A$2:$A$5,'Vic colour ref'!$D$2:$D$5,"") -> 00 | AN53: =_xlfn.XLOOKUP(G53,'Vic colour ref'!$A$2:$A$5,'Vic colour ref'!$D$2:$D$5,"") -> 00 | AO53: =_xlfn.XLOOKUP(H53,'Vic colour ref'!$A$2:$A$5,'Vic colour ref'!$D$2:$D$5,"") -> 00 | ... BM53: =_xlfn.XLOOKUP(AF53,'Vic colour ref'!$A$2:$A$5,'Vic colour ref'!$D$2:$D$5,"") -> 00 | BO53: =_xlfn.CONCAT(AH53:AK53) -> 00000000 | BP53: =_xlfn.CONCAT(AL53:AO53) -> 00000000 | BQ53: =_xlfn.CONCAT(AP53:AS53) -> 00000000 | BR53: =_xlfn.CONCAT(AT53:AW53) -> 00000000 | BS53: =_xlfn.CONCAT(AX53:BA53) -> 00000000 | BT53: =_xlfn.CONCAT(BB53:BE53) -> 00000000 | BU53: =_xlfn.CONCAT(BF53:BI53) -> 00000000 | BV53: =_xlfn.CONCAT(BJ53:BM53) -> 00000000 | BX53: =BIN2HEX(BO53,2) -> 00 | BY53: =BIN2HEX(BP53,2) -> 00 | BZ53: =BIN2HEX(BQ53,2) -> 00 | CA53: =BIN2HEX(BR53,2) -> 00 | CB53: =BIN2HEX(BS53,2) -> 00 | CC53: =BIN2HEX(BT53,2) -> 00 | CD53: =BIN2HEX(BU53,2) -> 00 | CE53: =BIN2HEX(BV53,2) -> 00 | CG53: {=TRANSPOSE(CB49:CB56)} -> 00 | CH53: 00 | CI53: 00 | CJ53: 00 | CK53: 00 | CL53: 00 | CM53: 00 | CN53: 00 | CP53: =LOWER("!byte $"&CG53&", $"&CH53&", $"&CI53&", $"&CJ53&", $"&CK53&", $"&CL53&", $"&CM53&", $"&CN53) -> !byte $00, $00, $00, $00, $00, $00, $00, $00
A54: 0 | B54: 0 | C54: 0 | D54: 0 | E54: 0 | F54: 0 | G54: 0 | H54: 0 | I54: 0 | J54: 0 | K54: 0 | L54: 0 | M54: 0 | N54: 0 | O54: 0 | P54: 0 | Q54: 0 | R54: 0 | S54: 0 | T54: 0 | U54: 0 | V54: 0 | W54: 0 | X54: 0 | Y54: 0 | Z54: 0 | AA54: 0 | AB54: 0 | AC54: 0 | AD54: 0 | AE54: 0 | AF54: 0 | AH54: =_xlfn.XLOOKUP(A54,'Vic colour ref'!$A$2:$A$5,'Vic colour ref'!$D$2:$D$5,"") -> 00 | AI54: =_xlfn.XLOOKUP(B54,'Vic colour ref'!$A$2:$A$5,'Vic colour ref'!$D$2:$D$5,"") -> 00 | AJ54: =_xlfn.XLOOKUP(C54,'Vic colour ref'!$A$2:$A$5,'Vic colour ref'!$D$2:$D$5,"") -> 00 | AK54: =_xlfn.XLOOKUP(D54,'Vic colour ref'!$A$2:$A$5,'Vic colour ref'!$D$2:$D$5,"") -> 00 | AL54: =_xlfn.XLOOKUP(E54,'Vic colour ref'!$A$2:$A$5,'Vic colour ref'!$D$2:$D$5,"") -> 00 | AM54: =_xlfn.XLOOKUP(F54,'Vic colour ref'!$A$2:$A$5,'Vic colour ref'!$D$2:$D$5,"") -> 00 | AN54: =_xlfn.XLOOKUP(G54,'Vic colour ref'!$A$2:$A$5,'Vic colour ref'!$D$2:$D$5,"") -> 00 | AO54: =_xlfn.XLOOKUP(H54,'Vic colour ref'!$A$2:$A$5,'Vic colour ref'!$D$2:$D$5,"") -> 00 | ... BM54: =_xlfn.XLOOKUP(AF54,'Vic colour ref'!$A$2:$A$5,'Vic colour ref'!$D$2:$D$5,"") -> 00 | BO54: =_xlfn.CONCAT(AH54:AK54) -> 00000000 | BP54: =_xlfn.CONCAT(AL54:AO54) -> 00000000 | BQ54: =_xlfn.CONCAT(AP54:AS54) -> 00000000 | BR54: =_xlfn.CONCAT(AT54:AW54) -> 00000000 | BS54: =_xlfn.CONCAT(AX54:BA54) -> 00000000 | BT54: =_xlfn.CONCAT(BB54:BE54) -> 00000000 | BU54: =_xlfn.CONCAT(BF54:BI54) -> 00000000 | BV54: =_xlfn.CONCAT(BJ54:BM54) -> 00000000 | BX54: =BIN2HEX(BO54,2) -> 00 | BY54: =BIN2HEX(BP54,2) -> 00 | BZ54: =BIN2HEX(BQ54,2) -> 00 | CA54: =BIN2HEX(BR54,2) -> 00 | CB54: =BIN2HEX(BS54,2) -> 00 | CC54: =BIN2HEX(BT54,2) -> 00 | CD54: =BIN2HEX(BU54,2) -> 00 | CE54: =BIN2HEX(BV54,2) -> 00 | CG54: {=TRANSPOSE(CC49:CC56)} -> 00 | CH54: 00 | CI54: 00 | CJ54: 00 | CK54: 00 | CL54: 00 | CM54: 00 | CN54: 00 | CP54: =LOWER("!byte $"&CG54&", $"&CH54&", $"&CI54&", $"&CJ54&", $"&CK54&", $"&CL54&", $"&CM54&", $"&CN54) -> !byte $00, $00, $00, $00, $00, $00, $00, $00
A55: 0 | B55: 0 | C55: 0 | D55: 0 | E55: 0 | F55: 0 | G55: 0 | H55: 0 | I55: 0 | J55: 0 | K55: 0 | L55: 0 | M55: 0 | N55: 0 | O55: 0 | P55: 0 | Q55: 0 | R55: 0 | S55: 0 | T55: 0 | U55: 0 | V55: 0 | W55: 0 | X55: 0 | Y55: 0 | Z55: 0 | AA55: 0 | AB55: 0 | AC55: 0 | AD55: 0 | AE55: 0 | AF55: 0 | AH55: =_xlfn.XLOOKUP(A55,'Vic colour ref'!$A$2:$A$5,'Vic colour ref'!$D$2:$D$5,"") -> 00 | AI55: =_xlfn.XLOOKUP(B55,'Vic colour ref'!$A$2:$A$5,'Vic colour ref'!$D$2:$D$5,"") -> 00 | AJ55: =_xlfn.XLOOKUP(C55,'Vic colour ref'!$A$2:$A$5,'Vic colour ref'!$D$2:$D$5,"") -> 00 | AK55: =_xlfn.XLOOKUP(D55,'Vic colour ref'!$A$2:$A$5,'Vic colour ref'!$D$2:$D$5,"") -> 00 | AL55: =_xlfn.XLOOKUP(E55,'Vic colour ref'!$A$2:$A$5,'Vic colour ref'!$D$2:$D$5,"") -> 00 | AM55: =_xlfn.XLOOKUP(F55,'Vic colour ref'!$A$2:$A$5,'Vic colour ref'!$D$2:$D$5,"") -> 00 | AN55: =_xlfn.XLOOKUP(G55,'Vic colour ref'!$A$2:$A$5,'Vic colour ref'!$D$2:$D$5,"") -> 00 | AO55: =_xlfn.XLOOKUP(H55,'Vic colour ref'!$A$2:$A$5,'Vic colour ref'!$D$2:$D$5,"") -> 00 | ... BM55: =_xlfn.XLOOKUP(AF55,'Vic colour ref'!$A$2:$A$5,'Vic colour ref'!$D$2:$D$5,"") -> 00 | BO55: =_xlfn.CONCAT(AH55:AK55) -> 00000000 | BP55: =_xlfn.CONCAT(AL55:AO55) -> 00000000 | BQ55: =_xlfn.CONCAT(AP55:AS55) -> 00000000 | BR55: =_xlfn.CONCAT(AT55:AW55) -> 00000000 | BS55: =_xlfn.CONCAT(AX55:BA55) -> 00000000 | BT55: =_xlfn.CONCAT(BB55:BE55) -> 00000000 | BU55: =_xlfn.CONCAT(BF55:BI55) -> 00000000 | BV55: =_xlfn.CONCAT(BJ55:BM55) -> 00000000 | BX55: =BIN2HEX(BO55,2) -> 00 | BY55: =BIN2HEX(BP55,2) -> 00 | BZ55: =BIN2HEX(BQ55,2) -> 00 | CA55: =BIN2HEX(BR55,2) -> 00 | CB55: =BIN2HEX(BS55,2) -> 00 | CC55: =BIN2HEX(BT55,2) -> 00 | CD55: =BIN2HEX(BU55,2) -> 00 | CE55: =BIN2HEX(BV55,2) -> 00 | CG55: {=TRANSPOSE(CD49:CD56)} -> A0 | CH55: A0 | CI55: F0 | CJ55: F0 | CK55: 00 | CL55: 00 | CM55: 00 | CN55: 00 | CP55: =LOWER("!byte $"&CG55&", $"&CH55&", $"&CI55&", $"&CJ55&", $"&CK55&", $"&CL55&", $"&CM55&", $"&CN55) -> !byte $a0, $a0, $f0, $f0, $00, $00, $00, $00
A56: 0 | B56: 0 | C56: 0 | D56: 0 | E56: 0 | F56: 0 | G56: 0 | H56: 0 | I56: 0 | J56: 0 | K56: 0 | L56: 0 | M56: 0 | N56: 0 | O56: 0 | P56: 0 | Q56: 0 | R56: 0 | S56: 0 | T56: 0 | U56: 0 | V56: 0 | W56: 0 | X56: 0 | Y56: 0 | Z56: 0 | AA56: 0 | AB56: 0 | AC56: 0 | AD56: 0 | AE56: 0 | AF56: 0 | AH56: =_xlfn.XLOOKUP(A56,'Vic colour ref'!$A$2:$A$5,'Vic colour ref'!$D$2:$D$5,"") -> 00 | AI56: =_xlfn.XLOOKUP(B56,'Vic colour ref'!$A$2:$A$5,'Vic colour ref'!$D$2:$D$5,"") -> 00 | AJ56: =_xlfn.XLOOKUP(C56,'Vic colour ref'!$A$2:$A$5,'Vic colour ref'!$D$2:$D$5,"") -> 00 | AK56: =_xlfn.XLOOKUP(D56,'Vic colour ref'!$A$2:$A$5,'Vic colour ref'!$D$2:$D$5,"") -> 00 | AL56: =_xlfn.XLOOKUP(E56,'Vic colour ref'!$A$2:$A$5,'Vic colour ref'!$D$2:$D$5,"") -> 00 | AM56: =_xlfn.XLOOKUP(F56,'Vic colour ref'!$A$2:$A$5,'Vic colour ref'!$D$2:$D$5,"") -> 00 | AN56: =_xlfn.XLOOKUP(G56,'Vic colour ref'!$A$2:$A$5,'Vic colour ref'!$D$2:$D$5,"") -> 00 | AO56: =_xlfn.XLOOKUP(H56,'Vic colour ref'!$A$2:$A$5,'Vic colour ref'!$D$2:$D$5,"") -> 00 | ... BM56: =_xlfn.XLOOKUP(AF56,'Vic colour ref'!$A$2:$A$5,'Vic colour ref'!$D$2:$D$5,"") -> 00 | BO56: =_xlfn.CONCAT(AH56:AK56) -> 00000000 | BP56: =_xlfn.CONCAT(AL56:AO56) -> 00000000 | BQ56: =_xlfn.CONCAT(AP56:AS56) -> 00000000 | BR56: =_xlfn.CONCAT(AT56:AW56) -> 00000000 | BS56: =_xlfn.CONCAT(AX56:BA56) -> 00000000 | BT56: =_xlfn.CONCAT(BB56:BE56) -> 00000000 | BU56: =_xlfn.CONCAT(BF56:BI56) -> 00000000 | BV56: =_xlfn.CONCAT(BJ56:BM56) -> 00000000 | BX56: =BIN2HEX(BO56,2) -> 00 | BY56: =BIN2HEX(BP56,2) -> 00 | BZ56: =BIN2HEX(BQ56,2) -> 00 | CA56: =BIN2HEX(BR56,2) -> 00 | CB56: =BIN2HEX(BS56,2) -> 00 | CC56: =BIN2HEX(BT56,2) -> 00 | CD56: =BIN2HEX(BU56,2) -> 00 | CE56: =BIN2HEX(BV56,2) -> 00 | CG56: {=TRANSPOSE(CE49:CE56)} -> 00 | CH56: 00 | CI56: 00 | CJ56: 00 | CK56: 00 | CL56: 00 | CM56: 00 | CN56: 00 | CP56: =LOWER("!byte $"&CG56&", $"&CH56&", $"&CI56&", $"&CJ56&", $"&CK56&", $"&CL56&", $"&CM56&", $"&CN56) -> !byte $00, $00, $00, $00, $00, $00, $00, $00
A57: 0 | B57: 0 | C57: 0 | D57: 0 | E57: 0 | F57: 0 | G57: 0 | H57: 0 | I57: 0 | J57: 0 | K57: 0 | L57: 0 | M57: 0 | N57: 0 | O57: 0 | P57: 0 | Q57: 0 | R57: 0 | S57: 0 | T57: 0 | U57: 0 | V57: 0 | W57: 0 | X57: 0 | Y57: 0 | Z57: 0 | AA57: 0 | AB57: 0 | AC57: 0 | AD57: 0 | AE57: 0 | AF57: 0 | AH57: =_xlfn.XLOOKUP(A57,'Vic colour ref'!$A$2:$A$5,'Vic colour ref'!$D$2:$D$5,"") -> 00 | AI57: =_xlfn.XLOOKUP(B57,'Vic colour ref'!$A$2:$A$5,'Vic colour ref'!$D$2:$D$5,"") -> 00 | AJ57: =_xlfn.XLOOKUP(C57,'Vic colour ref'!$A$2:$A$5,'Vic colour ref'!$D$2:$D$5,"") -> 00 | AK57: =_xlfn.XLOOKUP(D57,'Vic colour ref'!$A$2:$A$5,'Vic colour ref'!$D$2:$D$5,"") -> 00 | AL57: =_xlfn.XLOOKUP(E57,'Vic colour ref'!$A$2:$A$5,'Vic colour ref'!$D$2:$D$5,"") -> 00 | AM57: =_xlfn.XLOOKUP(F57,'Vic colour ref'!$A$2:$A$5,'Vic colour ref'!$D$2:$D$5,"") -> 00 | AN57: =_xlfn.XLOOKUP(G57,'Vic colour ref'!$A$2:$A$5,'Vic colour ref'!$D$2:$D$5,"") -> 00 | AO57: =_xlfn.XLOOKUP(H57,'Vic colour ref'!$A$2:$A$5,'Vic colour ref'!$D$2:$D$5,"") -> 00 | ... BM57: =_xlfn.XLOOKUP(AF57,'Vic colour ref'!$A$2:$A$5,'Vic colour ref'!$D$2:$D$5,"") -> 00 | BO57: =_xlfn.CONCAT(AH57:AK57) -> 00000000 | BP57: =_xlfn.CONCAT(AL57:AO57) -> 00000000 | BQ57: =_xlfn.CONCAT(AP57:AS57) -> 00000000 | BR57: =_xlfn.CONCAT(AT57:AW57) -> 00000000 | BS57: =_xlfn.CONCAT(AX57:BA57) -> 00000000 | BT57: =_xlfn.CONCAT(BB57:BE57) -> 00000000 | BU57: =_xlfn.CONCAT(BF57:BI57) -> 00000000 | BV57: =_xlfn.CONCAT(BJ57:BM57) -> 00000000 | BX57: =BIN2HEX(BO57,2) -> 00 | BY57: =BIN2HEX(BP57,2) -> 00 | BZ57: =BIN2HEX(BQ57,2) -> 00 | CA57: =BIN2HEX(BR57,2) -> 00 | CB57: =BIN2HEX(BS57,2) -> 00 | CC57: =BIN2HEX(BT57,2) -> 00 | CD57: =BIN2HEX(BU57,2) -> 00 | CE57: =BIN2HEX(BV57,2) -> 00 | CG57: {=TRANSPOSE(BX57:BX64)} -> 00 | CH57: 00 | CI57: 00 | CJ57: 00 | CK57: 00 | CL57: 00 | CM57: 00 | CN57: 00 | CP57: =LOWER("!byte $"&CG57&", $"&CH57&", $"&CI57&", $"&CJ57&", $"&CK57&", $"&CL57&", $"&CM57&", $"&CN57) -> !byte $00, $00, $00, $00, $00, $00, $00, $00
A58: 0 | B58: 0 | C58: 0 | D58: 0 | E58: 0 | F58: 0 | G58: 0 | H58: 0 | I58: 0 | J58: 0 | K58: 0 | L58: 0 | M58: 0 | N58: 0 | O58: 0 | P58: 0 | Q58: 0 | R58: 0 | S58: 0 | T58: 0 | U58: 0 | V58: 0 | W58: 0 | X58: 0 | Y58: 0 | Z58: 0 | AA58: 0 | AB58: 0 | AC58: 0 | AD58: 0 | AE58: 0 | AF58: 0 | AH58: =_xlfn.XLOOKUP(A58,'Vic colour ref'!$A$2:$A$5,'Vic colour ref'!$D$2:$D$5,"") -> 00 | AI58: =_xlfn.XLOOKUP(B58,'Vic colour ref'!$A$2:$A$5,'Vic colour ref'!$D$2:$D$5,"") -> 00 | AJ58: =_xlfn.XLOOKUP(C58,'Vic colour ref'!$A$2:$A$5,'Vic colour ref'!$D$2:$D$5,"") -> 00 | AK58: =_xlfn.XLOOKUP(D58,'Vic colour ref'!$A$2:$A$5,'Vic colour ref'!$D$2:$D$5,"") -> 00 | AL58: =_xlfn.XLOOKUP(E58,'Vic colour ref'!$A$2:$A$5,'Vic colour ref'!$D$2:$D$5,"") -> 00 | AM58: =_xlfn.XLOOKUP(F58,'Vic colour ref'!$A$2:$A$5,'Vic colour ref'!$D$2:$D$5,"") -> 00 | AN58: =_xlfn.XLOOKUP(G58,'Vic colour ref'!$A$2:$A$5,'Vic colour ref'!$D$2:$D$5,"") -> 00 | AO58: =_xlfn.XLOOKUP(H58,'Vic colour ref'!$A$2:$A$5,'Vic colour ref'!$D$2:$D$5,"") -> 00 | ... BM58: =_xlfn.XLOOKUP(AF58,'Vic colour ref'!$A$2:$A$5,'Vic colour ref'!$D$2:$D$5,"") -> 00 | BO58: =_xlfn.CONCAT(AH58:AK58) -> 00000000 | BP58: =_xlfn.CONCAT(AL58:AO58) -> 00000000 | BQ58: =_xlfn.CONCAT(AP58:AS58) -> 00000000 | BR58: =_xlfn.CONCAT(AT58:AW58) -> 00000000 | BS58: =_xlfn.CONCAT(AX58:BA58) -> 00000000 | BT58: =_xlfn.CONCAT(BB58:BE58) -> 00000000 | BU58: =_xlfn.CONCAT(BF58:BI58) -> 00000000 | BV58: =_xlfn.CONCAT(BJ58:BM58) -> 00000000 | BX58: =BIN2HEX(BO58,2) -> 00 | BY58: =BIN2HEX(BP58,2) -> 00 | BZ58: =BIN2HEX(BQ58,2) -> 00 | CA58: =BIN2HEX(BR58,2) -> 00 | CB58: =BIN2HEX(BS58,2) -> 00 | CC58: =BIN2HEX(BT58,2) -> 00 | CD58: =BIN2HEX(BU58,2) -> 00 | CE58: =BIN2HEX(BV58,2) -> 00 | CG58: {=TRANSPOSE(BY57:BY64)} -> 00 | CH58: 00 | CI58: 00 | CJ58: 00 | CK58: 00 | CL58: 00 | CM58: 00 | CN58: 00 | CP58: =LOWER("!byte $"&CG58&", $"&CH58&", $"&CI58&", $"&CJ58&", $"&CK58&", $"&CL58&", $"&CM58&", $"&CN58) -> !byte $00, $00, $00, $00, $00, $00, $00, $00
A59: 0 | B59: 0 | C59: 0 | D59: 0 | E59: 0 | F59: 0 | G59: 0 | H59: 0 | I59: 0 | J59: 0 | K59: 0 | L59: 0 | M59: 0 | N59: 0 | O59: 0 | P59: 0 | Q59: 0 | R59: 0 | S59: 0 | T59: 0 | U59: 0 | V59: 0 | W59: 0 | X59: 0 | Y59: 0 | Z59: 0 | AA59: 0 | AB59: 0 | AC59: 0 | AD59: 0 | AE59: 0 | AF59: 0 | AH59: =_xlfn.XLOOKUP(A59,'Vic colour ref'!$A$2:$A$5,'Vic colour ref'!$D$2:$D$5,"") -> 00 | AI59: =_xlfn.XLOOKUP(B59,'Vic colour ref'!$A$2:$A$5,'Vic colour ref'!$D$2:$D$5,"") -> 00 | AJ59: =_xlfn.XLOOKUP(C59,'Vic colour ref'!$A$2:$A$5,'Vic colour ref'!$D$2:$D$5,"") -> 00 | AK59: =_xlfn.XLOOKUP(D59,'Vic colour ref'!$A$2:$A$5,'Vic colour ref'!$D$2:$D$5,"") -> 00 | AL59: =_xlfn.XLOOKUP(E59,'Vic colour ref'!$A$2:$A$5,'Vic colour ref'!$D$2:$D$5,"") -> 00 | AM59: =_xlfn.XLOOKUP(F59,'Vic colour ref'!$A$2:$A$5,'Vic colour ref'!$D$2:$D$5,"") -> 00 | AN59: =_xlfn.XLOOKUP(G59,'Vic colour ref'!$A$2:$A$5,'Vic colour ref'!$D$2:$D$5,"") -> 00 | AO59: =_xlfn.XLOOKUP(H59,'Vic colour ref'!$A$2:$A$5,'Vic colour ref'!$D$2:$D$5,"") -> 00 | ... BM59: =_xlfn.XLOOKUP(AF59,'Vic colour ref'!$A$2:$A$5,'Vic colour ref'!$D$2:$D$5,"") -> 00 | BO59: =_xlfn.CONCAT(AH59:AK59) -> 00000000 | BP59: =_xlfn.CONCAT(AL59:AO59) -> 00000000 | BQ59: =_xlfn.CONCAT(AP59:AS59) -> 00000000 | BR59: =_xlfn.CONCAT(AT59:AW59) -> 00000000 | BS59: =_xlfn.CONCAT(AX59:BA59) -> 00000000 | BT59: =_xlfn.CONCAT(BB59:BE59) -> 00000000 | BU59: =_xlfn.CONCAT(BF59:BI59) -> 00000000 | BV59: =_xlfn.CONCAT(BJ59:BM59) -> 00000000 | BX59: =BIN2HEX(BO59,2) -> 00 | BY59: =BIN2HEX(BP59,2) -> 00 | BZ59: =BIN2HEX(BQ59,2) -> 00 | CA59: =BIN2HEX(BR59,2) -> 00 | CB59: =BIN2HEX(BS59,2) -> 00 | CC59: =BIN2HEX(BT59,2) -> 00 | CD59: =BIN2HEX(BU59,2) -> 00 | CE59: =BIN2HEX(BV59,2) -> 00 | CG59: {=TRANSPOSE(BZ57:BZ64)} -> 00 | CH59: 00 | CI59: 00 | CJ59: 00 | CK59: 00 | CL59: 00 | CM59: 00 | CN59: 00 | CP59: =LOWER("!byte $"&CG59&", $"&CH59&", $"&CI59&", $"&CJ59&", $"&CK59&", $"&CL59&", $"&CM59&", $"&CN59) -> !byte $00, $00, $00, $00, $00, $00, $00, $00
A60: 0 | B60: 0 | C60: 0 | D60: 0 | E60: 0 | F60: 0 | G60: 0 | H60: 0 | I60: 0 | J60: 0 | K60: 0 | L60: 0 | M60: 0 | N60: 0 | O60: 0 | P60: 0 | Q60: 0 | R60: 0 | S60: 0 | T60: 0 | U60: 0 | V60: 0 | W60: 0 | X60: 0 | Y60: 0 | Z60: 0 | AA60: 0 | AB60: 0 | AC60: 0 | AD60: 0 | AE60: 0 | AF60: 0 | AH60: =_xlfn.XLOOKUP(A60,'Vic colour ref'!$A$2:$A$5,'Vic colour ref'!$D$2:$D$5,"") -> 00 | AI60: =_xlfn.XLOOKUP(B60,'Vic colour ref'!$A$2:$A$5,'Vic colour ref'!$D$2:$D$5,"") -> 00 | AJ60: =_xlfn.XLOOKUP(C60,'Vic colour ref'!$A$2:$A$5,'Vic colour ref'!$D$2:$D$5,"") -> 00 | AK60: =_xlfn.XLOOKUP(D60,'Vic colour ref'!$A$2:$A$5,'Vic colour ref'!$D$2:$D$5,"") -> 00 | AL60: =_xlfn.XLOOKUP(E60,'Vic colour ref'!$A$2:$A$5,'Vic colour ref'!$D$2:$D$5,"") -> 00 | AM60: =_xlfn.XLOOKUP(F60,'Vic colour ref'!$A$2:$A$5,'Vic colour ref'!$D$2:$D$5,"") -> 00 | AN60: =_xlfn.XLOOKUP(G60,'Vic colour ref'!$A$2:$A$5,'Vic colour ref'!$D$2:$D$5,"") -> 00 | AO60: =_xlfn.XLOOKUP(H60,'Vic colour ref'!$A$2:$A$5,'Vic colour ref'!$D$2:$D$5,"") -> 00 | ... BM60: =_xlfn.XLOOKUP(AF60,'Vic colour ref'!$A$2:$A$5,'Vic colour ref'!$D$2:$D$5,"") -> 00 | BO60: =_xlfn.CONCAT(AH60:AK60) -> 00000000 | BP60: =_xlfn.CONCAT(AL60:AO60) -> 00000000 | BQ60: =_xlfn.CONCAT(AP60:AS60) -> 00000000 | BR60: =_xlfn.CONCAT(AT60:AW60) -> 00000000 | BS60: =_xlfn.CONCAT(AX60:BA60) -> 00000000 | BT60: =_xlfn.CONCAT(BB60:BE60) -> 00000000 | BU60: =_xlfn.CONCAT(BF60:BI60) -> 00000000 | BV60: =_xlfn.CONCAT(BJ60:BM60) -> 00000000 | BX60: =BIN2HEX(BO60,2) -> 00 | BY60: =BIN2HEX(BP60,2) -> 00 | BZ60: =BIN2HEX(BQ60,2) -> 00 | CA60: =BIN2HEX(BR60,2) -> 00 | CB60: =BIN2HEX(BS60,2) -> 00 | CC60: =BIN2HEX(BT60,2) -> 00 | CD60: =BIN2HEX(BU60,2) -> 00 | CE60: =BIN2HEX(BV60,2) -> 00 | CG60: {=TRANSPOSE(CA57:CA64)} -> 00 | CH60: 00 | CI60: 00 | CJ60: 00 | CK60: 00 | CL60: 00 | CM60: 00 | CN60: 00 | CP60: =LOWER("!byte $"&CG60&", $"&CH60&", $"&CI60&", $"&CJ60&", $"&CK60&", $"&CL60&", $"&CM60&", $"&CN60) -> !byte $00, $00, $00, $00, $00, $00, $00, $00
A61: 0 | B61: 0 | C61: 0 | D61: 0 | E61: 0 | F61: 0 | G61: 0 | H61: 0 | I61: 0 | J61: 0 | K61: 0 | L61: 0 | M61: 0 | N61: 0 | O61: 0 | P61: 0 | Q61: 0 | R61: 0 | S61: 0 | T61: 0 | U61: 0 | V61: 0 | W61: 0 | X61: 0 | Y61: 0 | Z61: 0 | AA61: 0 | AB61: 0 | AC61: 0 | AD61: 0 | AE61: 0 | AF61: 0 | AH61: =_xlfn.XLOOKUP(A61,'Vic colour ref'!$A$2:$A$5,'Vic colour ref'!$D$2:$D$5,"") -> 00 | AI61: =_xlfn.XLOOKUP(B61,'Vic colour ref'!$A$2:$A$5,'Vic colour ref'!$D$2:$D$5,"") -> 00 | AJ61: =_xlfn.XLOOKUP(C61,'Vic colour ref'!$A$2:$A$5,'Vic colour ref'!$D$2:$D$5,"") -> 00 | AK61: =_xlfn.XLOOKUP(D61,'Vic colour ref'!$A$2:$A$5,'Vic colour ref'!$D$2:$D$5,"") -> 00 | AL61: =_xlfn.XLOOKUP(E61,'Vic colour ref'!$A$2:$A$5,'Vic colour ref'!$D$2:$D$5,"") -> 00 | AM61: =_xlfn.XLOOKUP(F61,'Vic colour ref'!$A$2:$A$5,'Vic colour ref'!$D$2:$D$5,"") -> 00 | AN61: =_xlfn.XLOOKUP(G61,'Vic colour ref'!$A$2:$A$5,'Vic colour ref'!$D$2:$D$5,"") -> 00 | AO61: =_xlfn.XLOOKUP(H61,'Vic colour ref'!$A$2:$A$5,'Vic colour ref'!$D$2:$D$5,"") -> 00 | ... BM61: =_xlfn.XLOOKUP(AF61,'Vic colour ref'!$A$2:$A$5,'Vic colour ref'!$D$2:$D$5,"") -> 00 | BO61: =_xlfn.CONCAT(AH61:AK61) -> 00000000 | BP61: =_xlfn.CONCAT(AL61:AO61) -> 00000000 | BQ61: =_xlfn.CONCAT(AP61:AS61) -> 00000000 | BR61: =_xlfn.CONCAT(AT61:AW61) -> 00000000 | BS61: =_xlfn.CONCAT(AX61:BA61) -> 00000000 | BT61: =_xlfn.CONCAT(BB61:BE61) -> 00000000 | BU61: =_xlfn.CONCAT(BF61:BI61) -> 00000000 | BV61: =_xlfn.CONCAT(BJ61:BM61) -> 00000000 | BX61: =BIN2HEX(BO61,2) -> 00 | BY61: =BIN2HEX(BP61,2) -> 00 | BZ61: =BIN2HEX(BQ61,2) -> 00 | CA61: =BIN2HEX(BR61,2) -> 00 | CB61: =BIN2HEX(BS61,2) -> 00 | CC61: =BIN2HEX(BT61,2) -> 00 | CD61: =BIN2HEX(BU61,2) -> 00 | CE61: =BIN2HEX(BV61,2) -> 00 | CG61: {=TRANSPOSE(CB57:CB64)} -> 00 | CH61: 00 | CI61: 00 | CJ61: 00 | CK61: 00 | CL61: 00 | CM61: 00 | CN61: 00 | CP61: =LOWER("!byte $"&CG61&", $"&CH61&", $"&CI61&", $"&CJ61&", $"&CK61&", $"&CL61&", $"&CM61&", $"&CN61) -> !byte $00, $00, $00, $00, $00, $00, $00, $00
A62: 0 | B62: 0 | C62: 0 | D62: 0 | E62: 0 | F62: 0 | G62: 0 | H62: 0 | I62: 0 | J62: 0 | K62: 0 | L62: 0 | M62: 0 | N62: 0 | O62: 0 | P62: 0 | Q62: 0 | R62: 0 | S62: 0 | T62: 0 | U62: 0 | V62: 0 | W62: 0 | X62: 0 | Y62: 0 | Z62: 0 | AA62: 0 | AB62: 0 | AC62: 0 | AD62: 0 | AE62: 0 | AF62: 0 | AH62: =_xlfn.XLOOKUP(A62,'Vic colour ref'!$A$2:$A$5,'Vic colour ref'!$D$2:$D$5,"") -> 00 | AI62: =_xlfn.XLOOKUP(B62,'Vic colour ref'!$A$2:$A$5,'Vic colour ref'!$D$2:$D$5,"") -> 00 | AJ62: =_xlfn.XLOOKUP(C62,'Vic colour ref'!$A$2:$A$5,'Vic colour ref'!$D$2:$D$5,"") -> 00 | AK62: =_xlfn.XLOOKUP(D62,'Vic colour ref'!$A$2:$A$5,'Vic colour ref'!$D$2:$D$5,"") -> 00 | AL62: =_xlfn.XLOOKUP(E62,'Vic colour ref'!$A$2:$A$5,'Vic colour ref'!$D$2:$D$5,"") -> 00 | AM62: =_xlfn.XLOOKUP(F62,'Vic colour ref'!$A$2:$A$5,'Vic colour ref'!$D$2:$D$5,"") -> 00 | AN62: =_xlfn.XLOOKUP(G62,'Vic colour ref'!$A$2:$A$5,'Vic colour ref'!$D$2:$D$5,"") -> 00 | AO62: =_xlfn.XLOOKUP(H62,'Vic colour ref'!$A$2:$A$5,'Vic colour ref'!$D$2:$D$5,"") -> 00 | ... BM62: =_xlfn.XLOOKUP(AF62,'Vic colour ref'!$A$2:$A$5,'Vic colour ref'!$D$2:$D$5,"") -> 00 | BO62: =_xlfn.CONCAT(AH62:AK62) -> 00000000 | BP62: =_xlfn.CONCAT(AL62:AO62) -> 00000000 | BQ62: =_xlfn.CONCAT(AP62:AS62) -> 00000000 | BR62: =_xlfn.CONCAT(AT62:AW62) -> 00000000 | BS62: =_xlfn.CONCAT(AX62:BA62) -> 00000000 | BT62: =_xlfn.CONCAT(BB62:BE62) -> 00000000 | BU62: =_xlfn.CONCAT(BF62:BI62) -> 00000000 | BV62: =_xlfn.CONCAT(BJ62:BM62) -> 00000000 | BX62: =BIN2HEX(BO62,2) -> 00 | BY62: =BIN2HEX(BP62,2) -> 00 | BZ62: =BIN2HEX(BQ62,2) -> 00 | CA62: =BIN2HEX(BR62,2) -> 00 | CB62: =BIN2HEX(BS62,2) -> 00 | CC62: =BIN2HEX(BT62,2) -> 00 | CD62: =BIN2HEX(BU62,2) -> 00 | CE62: =BIN2HEX(BV62,2) -> 00 | CG62: {=TRANSPOSE(CC57:CC64)} -> 00 | CH62: 00 | CI62: 00 | CJ62: 00 | CK62: 00 | CL62: 00 | CM62: 00 | CN62: 00 | CP62: =LOWER("!byte $"&CG62&", $"&CH62&", $"&CI62&", $"&CJ62&", $"&CK62&", $"&CL62&", $"&CM62&", $"&CN62) -> !byte $00, $00, $00, $00, $00, $00, $00, $00
